titulo,categoria,data,n_palavras,classe_real,previsao_regressao_logistica,previsao_random_forest,acertou_lr,acertou_rf,classe_real_label
"

Bolsonaro vai a orfanato e pergunta como foi o Dia dos Pais #boato 
",política,2021-08-10,39.0,0,0,0,True,True,Fake
Brasil registra 10.278 casos confirmados de coronavírus e 432 mortes,saúde,2020-04-04,112.0,1,1,1,True,True,Real
"

Carol Solberg é patrocinada pelo Banco do Brasil, ganha Bolsa-Atleta e perdeu patrocínio do Betmotion #boato 
",entretenimento,,142.0,0,0,0,True,True,Fake
Fachin quer mudar de turma no STF; relatoria da Lava Jato fica incerta  ,política,2021-04-15,73.0,1,1,1,True,True,Real
Idoso com suspeita de covid-19 foge de hospital e morre ao cair de janela  ,saúde,2020-06-21,103.0,1,1,1,True,True,Real
Estudo aponta 3 tipos do novo coronavírus  ,saúde,2020-04-11,108.0,1,0,1,False,True,Real
CNJ diz que recebeu 99 sugestões para implementação do juiz de garantias,política,2020-01-13,72.0,1,1,1,True,True,Real
EUA registram recorde de 4.470 mortes por covid-19 em um dia  ,saúde,2021-01-13,42.0,1,1,1,True,True,Real
Orçamento de 2021 vira 'salve-se quem puder'  ,política,2020-08-18,186.0,1,1,1,True,True,Real
"Butantan enviará resultados de testes da CoronaVac à Anvisa na 2ª, diz Doria  ",política,2020-10-15,102.0,1,1,1,True,True,Real
"Bolsonaro não suspendeu implantação da placa do Mercosul, mas pediu estudo  ",mundo,2019-03-02,73.0,0,0,0,True,True,Fake
"

Argentina decretou o confisco de propriedades privadas pelo governo comunista #boato 
",mundo,2020-06-14,46.0,0,0,0,True,True,Fake
"

Trump quer investir R$ 1 trilhão no Brasil por causa de Bolsonaro #boato 
",política,2018-12-08,24.0,0,0,0,True,True,Fake
"

Globo usou imagens da tragédia de Lampedusa em 2013 como se fossem de Bergamo em 2020 #boato 
",brasil,2020-05-12,20.0,0,0,0,True,True,Fake
Bolsonaro ironiza a imprensa sobre coronavírus: 'O que estão fazendo aqui?'  ,saúde,2020-03-26,55.0,1,1,1,True,True,Real
"
  Luciano Hang, dono da Havan, não havia doado 200 cilindros de oxigênio a Manaus até 25 de janeiro",brasil,2021-01-25,83.0,0,0,0,True,True,Fake
"
  A eficácia da ivermectina contra a covid-19 ainda está em estudo",brasil,2020-12-31,84.0,0,0,0,True,True,Fake
"SP: comércio reabre, estoura horário e antecipa pico em trens da CPTM  ",saúde,2020-06-10,104.0,1,1,1,True,True,Real
É #FAKE que rede de hipermercados Makro tenha fechado lojas no Rio por conta da crise do coronavírus,entretenimento,2020-05-15,71.0,0,0,0,True,True,Fake
"Em Santos, hospitais já trocam insumos entre si para driblar colapso  ",saúde,2021-04-09,102.0,1,1,1,True,True,Real
"
  A enfermeira que desmaiou nos EUA após receber uma vacina contra a covid-19 não faleceu",saúde,2020-12-21,75.0,0,0,0,True,True,Fake
Post engana ao afirmar que empresas não exigem vacinação e que CEO da Pfizer não se imunizou,saúde,2021-09-06,39.0,0,0,0,True,True,Fake
"

2º lote do programa Vale Gás foi liberado e lista para consulta está em site no WhatsApp #boato 
",entretenimento,2020-07-24,35.0,0,0,0,True,True,Fake
"'Perder Mandetta seria um desastre para o Brasil', afirma João Doria  ",saúde,2020-04-01,122.0,1,1,1,True,True,Real
"Com atenções na CPI, Câmara pode 'passar boiada' no licenciamento ambiental  ",política,2021-05-11,125.0,1,1,1,True,True,Real
"

Pauta da Globo para Covid é revelada por apresentador demitido #boato 
",saúde,2021-04-24,174.0,0,1,1,False,False,Fake
É #FAKE que infectologistas de todo o país foram obrigados a assinar documento contra tratamento precoce para Covid-19,saúde,2021-03-22,97.0,0,0,0,True,True,Fake
É falso que governo Bolsonaro tenha feito o Nordeste colher trigo pela primeira vez,política,2021-05-06,18.0,0,0,0,True,True,Fake
,brasil,2019-01-14,64.0,0,0,0,True,True,Fake
"2020 será 3º ano mais quente; ONU diz que mundo caminha para ""suicídio""  ",política,2020-12-02,88.0,1,1,1,True,True,Real
"

Lei que obriga uso de máscaras dentro de casa é aprovada pelo Congresso #boato 
",política,2020-06-11,26.0,0,0,0,True,True,Fake
"Covid-19: Emílio Ribas lota UTI, e São Paulo prevê caos para maio  ",saúde,2020-04-16,34.0,1,1,1,True,True,Real
"Às vésperas do Carnaval, SP registra maior média de mortes desde agosto  ",saúde,2021-02-12,97.0,1,1,1,True,True,Real
"

Jornal O Globo faliu e parque gráfico foi entregue à Prefeitura de Duque de Caxias #boato 
",política,2021-02-16,50.0,0,0,0,True,True,Fake
Coronavírus: o hospital russo completamente isolado por surto de covid-19  ,saúde,2020-06-02,74.0,1,1,1,True,True,Real
STF anula decisões de Curitiba contra Mantega e manda ação para Brasília  ,política,2021-04-20,55.0,1,1,1,True,True,Real
"Emendas, cargos e ministérios: as promessas dos candidatos à presidência da Câmara  ",política,2020-12-31,102.0,1,1,1,True,True,Real
Mandetta critica uso político da cloroquina e afaga Bolsonaro  ,saúde,2020-04-08,32.0,1,1,1,True,True,Real
Inmet alerta sobre risco de novos deslizamentos de terra em Minas e Espírito Santo devido à chuva,política,2020-01-25,105.0,1,1,1,True,True,Real
É #FAKE que vídeo mostre fiscais da Prefeitura de São Paulo sendo agredidos por ambulantes em meio à pandemia de Covid-19,política,2020-05-11,83.0,0,0,0,True,True,Fake
Michelle Bolsonaro perde processo para IstoÉ e terá de pagar R$ 15 mil  ,política,2021-05-17,53.0,1,1,1,True,True,Real
Rocinha completa mais de uma semana sem água em meio à pandemia do coronavírus  ,saúde,2020-07-23,23.0,1,1,1,True,True,Real
"'Semana Brasil' será em setembro para impulsionar economia, apesar da pandemia  ",saúde,2020-08-04,242.0,1,1,1,True,True,Real
João Santana: 'Lula queria ser candidato em 2014 e desestabilizava Dilma'  ,política,2020-10-26,69.0,1,0,0,False,False,Real
"
  Ex-ministro José Dirceu não publicou mensagem sobre caçar “fascistas da direita”",brasil,2021-01-15,93.0,0,0,0,True,True,Fake
É #FAKE que voluntária que tomou CoronaVac tenha sido entubada em Barretos após choque anafilático,saúde,2020-10-19,133.0,0,0,0,True,True,Fake
Covid-19: Ministro da Saúde do Chile cai após informar 2.000 mortos a mais  ,saúde,2020-06-13,96.0,1,1,1,True,True,Real
Decisão que libertou Lula e outros presos gera enganos e fake news na rede  ,política,2019-11-09,72.0,0,0,0,True,True,Fake
"Para Bolsonaro, país está dividido e terá 'luta ferrenha'  nas eleições de 2022  ",política,2021-03-18,107.0,1,1,1,True,True,Real
Celso de Mello não se aposentou do STF por invalidez  ,política,2020-10-15,38.0,0,0,0,True,True,Fake
"

Mulher vende panelas em carro de luxo para realizar sequestros em estacionamentos #boato 
",brasil,2019-11-27,119.0,0,0,0,True,True,Fake
"Reforma tributária deve vir antes de autonomia do BC na Câmara, diz Maia  ",política,2020-11-06,127.0,1,1,1,True,True,Real
Veja o que é #FATO ou #FAKE nas declarações dos candidatos à Prefeitura de SP na 7ª semana de campanha,política,2020-11-13,57.0,0,0,0,True,True,Fake
"Vítima da covid-19, mãe espera 73 dias após o parto para segurar o filho  ",saúde,2020-07-30,85.0,1,1,1,True,True,Real
Sobe para 17 o total de pessoas que estiveram com Bolsonaro nos EUA e têm coronavírus ,política,2020-03-18,93.0,1,1,1,True,True,Real
Justiça suspende aulas presenciais no Colégio Militar de Belo Horizonte  ,saúde,2020-09-19,81.0,1,1,1,True,True,Real
Portugal registra primeiro caso do novo coronavírus  ,saúde,2020-03-02,68.0,1,1,1,True,True,Real
Pfizer e BioNTech aceitam pedido da UE por mais 100 milhões de doses de vacina  ,saúde,2020-12-29,98.0,1,1,1,True,True,Real
O É DA COISA: Queda de Pazuello é inútil se continuar negacionismo homicida  ,política,2021-03-15,5.0,1,1,0,True,False,Real
Fux diz a Guedes que STF não irá compor Conselho Fiscal da República  ,política,2021-02-19,110.0,1,1,1,True,True,Real
Bolsonaro gera aglomeração e tira selfies com banhistas em praia de SP  ,política,2020-10-11,49.0,1,1,0,True,False,Real
Saúde distribui quantidade necessária de vacinas para segunda dose da Coronavac,saúde,2021-05-19,111.0,1,1,1,True,True,Real
"Em meio a investigação, estratégia palaciana é destacar que troca na PF é prerrogativa presidencial",política,2020-05-12,106.0,1,1,1,True,True,Real
"

Cid Gomes atirou primeiro após receber arma de tenente-coronel em Sobral #boato 
",política,2020-02-24,111.0,0,0,0,True,True,Fake
Médica cita estudos inconclusivos ao sugerir conspiração contra cloroquina  ,ciência,2020-07-31,77.0,0,0,0,True,True,Fake
É #FAKE que caixões de vítimas do coronavírus foram desenterrados em Belo Horizonte e havia apenas pedra e madeira dentro,saúde,2020-04-30,101.0,0,0,0,True,True,Fake
Ibope em Manaus: Amazonino Mendes (Podemos) lidera com 25%  ,política,2020-10-14,46.0,1,1,1,True,True,Real
"
  A Globo não “admitiu” que os atos pró-Bolsonaro de 1° de maio foram os maiores da história",brasil,,103.0,0,0,0,True,True,Fake
"'Se vírus continuar circulando livremente, risco de ele se adaptar melhor aumenta', diz brasileiro que descobriu nova mutação do coronavírus",saúde,2020-12-24,74.0,1,1,1,True,True,Real
É #FAKE que foto mostre monumento de Berlim lotado em manifestação contra regras para conter Covid-19,mundo,2020-08-06,101.0,0,0,0,True,True,Fake
"Qual a idade em que somos mais infelizes, segundo a ciência",ciência,2020-01-16,59.0,1,1,1,True,True,Real
"

Caixa-preta do BNDES revela R$ 576 bilhões desviados durante o governo do PT #boato 
",política,2020-05-10,361.0,0,0,0,True,True,Fake
verdade pintor italiano quadrar prever comer seriar o vidar,saúde,2021-04-14,19.0,0,0,0,True,True,Fake
Vídeo de homem implorando por banho de mar foi gravado um dia depois do anúncio de reabertura da orla,saúde,2020-09-28,22.0,0,0,0,True,True,Fake
Entenda como ficam os processos de Lula após o STF confirmar a decisão de Fachin,brasil,,372.0,1,1,1,True,True,Real
Fiéis fazem de Santa Corona a padroeira da resistência a epidemia  ,saúde,2020-05-14,78.0,1,1,1,True,True,Real
Desgaste sofrido pelo Planalto afeta disputa na Câmara  ,política,2021-01-19,118.0,1,1,1,True,True,Real
"

Médica usuária de crack é filmada vivendo nas ruas #boato 
",saúde,2018-12-11,25.0,0,0,0,True,True,Fake
"

Cientista da OMS vai ser condenada à morte por não recomendar ivermectina #boato 
",saúde,2021-07-02,62.0,0,0,0,True,True,Fake
médico alertar vídeo o “ vacinar chinês ” mortal verdade,saúde,2020-10-27,24.0,0,0,0,True,True,Fake
"""Precisamos de políticas públicas para evitar uma nova pandemia"", diz especialista em mudanças climáticas ",ciência,2020-11-25,99.0,1,1,1,True,True,Real
Duarte Nogueira e Suely Vilela disputam 2° turno em Ribeirão Preto (SP)  ,política,2020-11-16,81.0,1,1,1,True,True,Real
Limão com bicarbonato não cura covid-19 e pode fazer mal à saúde,saúde,2020-03-31,45.0,0,1,1,False,False,Fake
"

Esquerda e centrão vão derrubar MP que cria pensão para crianças com microcefalia #boato 
",política,2019-09-16,57.0,0,0,1,True,False,Fake
Funciona Assim: como são eleitos os vereadores e mudanças na lei eleitoral,política,2020-09-14,80.0,1,1,0,True,False,Real
Primeiro-ministro da Itália descarta novo lockdown  ,saúde,2020-07-08,158.0,1,1,1,True,True,Real
,saúde,2020-04-08,65.0,0,0,0,True,True,Fake
"

Mensagem “Toque para ler o novo Aviso de Privacidade – Brasil” é um golpe criado por hackers no WhatsApp #boato 
",entretenimento,2020-08-22,196.0,0,0,0,True,True,Fake
Japonesa é diagnosticada com verme na garganta após comer sashimi; veja vídeo,ciência,2020-07-14,84.0,1,1,1,True,True,Real
Tadjiquistão confirma primeiros casos de coronavírus  ,saúde,2020-04-30,99.0,1,1,1,True,True,Real
É falso que irmãos Miranda forjaram recibos para prejudicar Bolsonaro  ,política,2021-06-30,75.0,0,0,0,True,True,Fake
"
  Urna em picape era equipamento de reposição, não máquina adulterada com partidários de Sarto",brasil,2020-11-30,92.0,0,0,0,True,True,Fake
É #FAKE que fotos mostrem comícios de Trump e Biden na véspera da eleição americana,mundo,2020-11-02,70.0,0,0,0,True,True,Fake
"Austrália anuncia pacote adicional de US$ 1,56 bi para enfrentar coronavírus  ",saúde,2020-03-10,58.0,1,1,1,True,True,Real
"

Governo da Argentina bloqueia todas contas bancárias do país #boato 
",mundo,2020-07-30,27.0,0,0,0,True,True,Fake
"
  Vídeo de menina brincando com fósforo não tem relação com fogo em mercado atacadista de 2020",brasil,,99.0,0,0,0,True,True,Fake
"Dois terços dos nova-iorquinos infectados estavam em casa, mas dado não comprova falhas no distanciamento social",saúde,2020-05-08,27.0,0,0,0,True,True,Fake
"Pandemia registra seu pior dia, com 13 mil mortes e quase 700 mil casos  ",saúde,2020-12-12,74.0,1,1,1,True,True,Real
Governo investiga professores por manifestação 'de desapreço' a presidente  ,política,2021-03-03,57.0,1,1,1,True,True,Real
SP restringe funcionamento de bares e venda de bebida alcoólica para conter coronavírus  ,saúde,2020-12-11,144.0,1,1,1,True,True,Real
Equipe avançada da OMS vai à China para investigar origem do coronavírus  ,saúde,2020-07-10,70.0,1,1,1,True,True,Real
"Filho 04 de Bolsonaro ironiza covid-19: 'Só uma gripezinha. Peguei, passou'  ",saúde,2020-04-30,101.0,1,0,0,False,False,Real
Suécia muda postura e aprova lei que permite fechar comércio  ,saúde,2021-01-08,141.0,1,1,1,True,True,Real
"
  A pessoa presa nesta foto é o ator Cuba Gooding Jr., não o chefe de campanha de Joe Biden",política,2020-11-23,59.0,0,0,0,True,True,Fake
Morte de médico que fez alerta sobre o coronavírus gera indignação na China  ,saúde,2020-02-07,93.0,1,1,1,True,True,Real
Xiaomi atualiza navegadores após especialistas denunciarem que apps coletavam informações de usuários,política,2020-05-05,93.0,1,1,1,True,True,Real
Joel Pinheiro: Comprovante de residência é 'tentativa de racionar' vacinas  ,saúde,2021-05-27,72.0,1,1,1,True,True,Real
"Baixo Clero #59: Eleições nos EUA, Renda Cidadã e rachadinhas de Flávio Bolsonaro   ",política,2020-10-01,108.0,1,1,1,True,True,Real
É #FAKE que OAB-RJ pediu afastamento de sniper que atirou em sequestrador da Ponte Rio-Niterói,brasil,2019-08-21,112.0,0,0,1,True,False,Fake
É falso que Boulos tenha falado em obrigar paulistano a receber morador de rua na pandemia,política,2020-11-20,11.0,0,0,0,True,True,Fake
É #FAKE que Charlie Hebdo fez capa com sátira a Lula e ao STF,política,2019-11-08,95.0,0,0,0,True,True,Fake
Guedes diz que PT ganhou merecidamente eleições após criar o Bolsa Família  ,política,2021-05-04,57.0,1,1,1,True,True,Real
" PF não declarou que Lula é ""ex-presidente mais rico da história do Brasil""  ",política,2019-06-13,42.0,0,0,0,True,True,Fake
"

Em Bento Gonçalves (RS), produtores colocam fogo em tonéis para não congelar uvas #boato 
",brasil,2021-07-28,53.0,0,0,0,True,True,Fake
É verdade que o Ensino Médio apresentou melhor resultado em 15 anos do Ideb  ,brasil,2020-09-21,56.0,0,0,0,True,True,Fake
UOL Confere: Boato inventa Lula sendo expulso de restaurante no PR,política,2019-11-22,20.0,0,0,0,True,True,Fake
Brasil registra 7.518.846 milhões de pessoas recuperadas,saúde,2021-01-19,71.0,1,1,1,True,True,Real
É #FAKE que Moro é cunhado de Aécio e que avô do ex-ministro é um dos fundadores do PSDB,política,2020-05-05,71.0,0,0,0,True,True,Fake
É #FAKE que George Soros foi preso na Filadélfia acusado de interferir nas eleições presidenciais dos EUA,mundo,2020-12-07,77.0,0,0,0,True,True,Fake
Partidos vão ao Supremo contra MP que isenta agentes públicos de punição na pandemia,política,2020-05-14,109.0,1,1,1,True,True,Real
É #FAKE que universidade federal liberou computadores de ponta para alunos jogarem LOL,brasil,2019-05-08,110.0,0,0,0,True,True,Fake
"

China criou o coronavírus para ganhar a 3ª Guerra Mundial e dar um golpe de mestre #boato 
",mundo,2020-03-15,213.0,0,0,1,True,False,Fake
É falso que testes são manipulados e pandemia é uma farsa,saúde,2020-09-05,16.0,0,0,0,True,True,Fake
Brasil vota contra resolução na OMS que pede garantia de saúde a palestinos  ,política,2021-05-26,77.0,1,1,1,True,True,Real
Pazuello é convocado pelo Senado para esclarecer condução da pandemia  ,saúde,2021-03-15,81.0,1,1,1,True,True,Real
Ministério da Saúde implementa rede de sequenciamento genético para novas cepas do coronavírus  ,saúde,2021-02-12,57.0,1,1,1,True,True,Real
"

Militantes do PT têm número 13 marcado a ferro #boato 
",política,2020-12-05,20.0,0,0,0,True,True,Fake
"

Clarissa Garotinho vai ser assessora de Wilson Witzel no governo do Rio #boato 
",política,2019-02-06,50.0,0,0,0,True,True,Fake
"Piauí recebe mais 32,4 mil doses de vacina contra a Covid-19",saúde,2021-03-03,79.0,1,1,1,True,True,Real
"

Breno Lintz, promotor de Justiça em Uberlândia, escreve mensagem em defesa de Bolsonaro #boato 
",política,2020-04-27,163.0,0,0,0,True,True,Fake
Ataques e 'fake news' rebaixam Brasil em ranking de liberdade de expressão  ,política,2021-07-29,68.0,0,0,0,True,True,Fake
"Pandemia levou 23 estados e o DF a implementarem auxílios econômicos próprios; e 17 estados a fecharem rodovias, aponta levantamento",saúde,2020-06-19,91.0,1,1,1,True,True,Real
"

Instituto Rio Branco mudou o nome para Instituto Che Guevara e virou esquerdista #boato 
",política,2019-07-20,155.0,0,1,0,False,True,Fake
É #FAKE que ator Paulo Betti fez publicação com ataques a Regina Duarte,entretenimento,2020-01-21,156.0,0,0,0,True,True,Fake
Eduardo Bolsonaro posta vídeo antigo sobre liberação da cloroquina  ,saúde,2020-07-31,92.0,0,1,1,False,False,Fake
foto astronauta segurar sacar maconha verdadeiro falso,entretenimento,2020-06-18,3.0,0,0,0,True,True,Fake
Lira escolhe relator que se mostrou favorável à prisão de Daniel Silveira  ,política,2021-02-18,71.0,1,1,1,True,True,Real
"Positivos para covid-19 na Itália podem ser até 20 vezes mais, diz estudo  ",saúde,2020-04-30,102.0,1,1,1,True,True,Real
"Coronavírus: balanço da OMS registra 585,7 mil mortes e 13,6 milhões de casos no mundo  ",saúde,2020-07-17,85.0,1,1,1,True,True,Real
O Assunto #342: Epidemia eterna na terra yanomami ,saúde,2020-12-07,194.0,1,1,1,True,True,Real
"
  Foto de protesto ocorrido em dezembro de 2019 circula como se fosse de 1º de maio de 2021",brasil,,72.0,0,0,0,True,True,Fake
"

Homem morre ao tomar choque carregando o celular no carro #boato 
",entretenimento,2020-02-28,19.0,0,0,0,True,True,Fake
Morre a influenciadora Ygona Moura por complicações da covid-19  ,saúde,2021-01-27,50.0,1,1,1,True,True,Real
"
  Cédulas queimadas em vídeo são amostras, não as oficiais utilizadas nas eleições dos EUA",política,,64.0,0,0,0,True,True,Fake
verdade o cão laika o viver lançar o o espaçar,entretenimento,2020-08-12,4.0,0,0,0,True,True,Fake
Brasil estuda adquirir testes rápidos e seguir modelo da Coreia do Sul  ,saúde,2020-03-16,103.0,1,1,1,True,True,Real
o papar francisco holograma,entretenimento,2020-04-14,39.0,0,0,0,True,True,Fake
O TSE faz a apuração das eleições em uma sala fechada de forma secreta?,entretenimento,2021-07-22,31.0,0,0,0,True,True,Fake
Exame sorológico não prova que vacinas deixam de proteger,saúde,2021-07-22,41.0,0,0,0,True,True,Fake
"

Girafas da Austrália saltam de trampolim, fazem acrobacias e mergulham na água, mostra vídeo #boato 
",mundo,2020-07-18,19.0,0,0,0,True,True,Fake
Anivaldo Padilha recebe Prêmio de Memória e Verdade   ,política,2020-12-04,170.0,1,1,1,True,True,Real
"

Vídeo de Bolsonaro convocando para manifestações de 15 de março é de 2015 #boato 
",política,2020-02-27,124.0,0,0,0,True,True,Fake
Criador da primeira imagem digital da história morre aos 91 anos nos EUA,política,2020-08-14,90.0,1,1,1,True,True,Real
"
  Não há provas de que ivermectina, testada apenas in vitro, possa curar o novo coronavírus",saúde,2020-05-27,73.0,0,0,0,True,True,Fake
"

Foto mostra 20 bandidos mortos no Jacarezinho na hora da prisão #boato 
",brasil,2021-05-11,55.0,0,0,0,True,True,Fake
"

Chico Buarque disse, em entrevista na CBN, que está investindo em bitcoins e lucrando muito #boato 
",entretenimento,,160.0,0,0,0,True,True,Fake
"Sob tensão, CPI da Covid aprova pedidos de informação sobre atos do governo  ",política,2021-04-29,67.0,1,1,1,True,True,Real
Coronavírus no Brasil: País tem 486 mortos e 11.130 casos oficiais  ,saúde,2020-04-05,74.0,1,1,1,True,True,Real
"

Lula proibiu aplicação de vacina contra meningite no SUS em 2010 #boato 
",política,2019-03-03,54.0,0,0,0,True,True,Fake
Doria: fábrica do Butantan começa produção industrial da CoronaVac em 2022  ,saúde,2021-02-04,74.0,1,1,1,True,True,Real
OMS: diminuição dos casos e mortes por covid ainda não é resultado de vacinação  ,saúde,2021-02-17,81.0,1,1,1,True,True,Real
É #FAKE que beber vodca ou uísque mate o coronavírus na garganta,ciência,2020-07-10,83.0,0,0,0,True,True,Fake
"1 em cada 4 pessoas vive em famílias com restrição de acesso à saúde, diz IBGE",ciência,2020-11-25,80.0,1,1,1,True,True,Real
Ministério da Saúde adota novo fluxo de consolidação de casos de coronavírus,saúde,2020-02-29,62.0,1,1,1,True,True,Real
Veja o que é #FATO ou #FAKE nas declarações dos candidatos à Prefeitura de SP na 3ª semana de campanha,política,2020-10-17,59.0,0,0,0,True,True,Fake
"
  Este manifestante não fingiu machucar a cabeça em protesto por morte de George Floyd",política,2020-06-17,94.0,0,0,0,True,True,Fake
"

Xuxa está sorteando cartões (reforma e presente) R$ 15 mil para usuários do Facebook #boato 
",entretenimento,2020-08-28,54.0,0,0,0,True,True,Fake
"

CDC lista locais em que há risco alto e baixo de infecção por coronavírus #boato 
",saúde,2020-06-14,184.0,0,1,0,False,True,Fake
"Fazer dinheiro chegar a microempresários é prioridade, diz Rodrigo Maia  ",saúde,2020-06-01,117.0,1,1,1,True,True,Real
Supremo mantém autonomia de estados e municípios para requisitar serviços de saúde na pandemia,saúde,2020-09-02,101.0,1,1,1,True,True,Real
Bolsonaro participa nesta quinta de cúpula do Mercosul; reunião será por vídeo pela primeira vez,política,2020-07-02,128.0,1,1,1,True,True,Real
Órgão do ministério da Justiça notifica supermercados por alta de preços  ,política,2020-09-09,75.0,1,1,1,True,True,Real
É #FAKE que foto mostre Weintraub em avião pedindo silêncio após demissão e saída do Brasil,política,2020-06-22,54.0,0,0,0,True,True,Fake
"
  Esta tabela do Banco Mundial não prova que os testes para covid-19 são vendidos desde 2018",brasil,2020-09-15,74.0,0,0,0,True,True,Fake
"Se País levar quebra de contrato ao limite, haverá colapso, diz presidente do BC  ",saúde,2020-04-04,108.0,1,1,1,True,True,Real
"Número de mortos pelo coronavírus no Irã chega a 4.958, diz ministério  ",saúde,2020-04-17,63.0,1,1,1,True,True,Real
Goleiro do futsal do Corinthians vai à Justiça por fraude trabalhista   ,saúde,2020-08-01,154.0,1,1,1,True,True,Real
Médico confunde ao indicar cloroquina e criticar isolamento social e o uso de respiradores,saúde,2020-05-22,15.0,0,0,0,True,True,Fake
"

Bolsonaro filma saidão de Carnaval na Papuda em 2019 #boato 
",política,2019-02-28,37.0,0,0,0,True,True,Fake
"

Quem trabalhou entre 2002 e 2018 tem direito a abono de R$ 980 em site #boato 
",entretenimento,2019-05-26,27.0,0,0,0,True,True,Fake
TSE faz acordo com agências de checagem para combater informações falsas na eleição ,política,2020-10-01,65.0,1,0,1,False,True,Real
É #FAKE e-mail do TSE convocando para teste de voto pela internet,política,2020-11-10,81.0,0,0,0,True,True,Fake
"

Maguila foi abandonado pela família em um asilo #boato 
",entretenimento,2019-06-26,92.0,0,0,0,True,True,Fake
"Falta de vitamina D pode aumentar risco de Covid-19, sugere estudo",saúde,2020-09-03,88.0,1,1,1,True,True,Real
"

Candidato Dimas Gadelha disse que vai implantar banheiro unissex em escolas de São Gonçalo #boato 
",política,2020-11-24,56.0,0,0,0,True,True,Fake
Vídeo mostra eclipse com Lua gigante no Ártico entre Rússia e Canadá! Será verdade?,entretenimento,2021-05-27,26.0,0,0,0,True,True,Fake
O livro “Aparelho Sexual e Cia” faz parte do kit gay distribuído pelo MEC?,entretenimento,2018-08-29,30.0,0,0,0,True,True,Fake
Alcolumbre reforça cassação da Isolux; ministro fala em apuração antes  ,política,2020-11-09,128.0,1,1,1,True,True,Real
umar empresar holandês lançar app carona o corrido pago sexo,entretenimento,2019-10-25,46.0,0,0,0,True,True,Fake
"

Messi faz tatuagem em homenagem a Bolsonaro #boato 
",entretenimento,2021-08-13,47.0,0,0,0,True,True,Fake
Fronteiras fechadas fazem Europa sentir falta de imigrantes nas colheitas  ,saúde,2020-04-20,110.0,1,1,1,True,True,Real
Alemanha registra 947 novos casos de coronavírus; total sobe para 164.807  ,saúde,2020-05-06,21.0,1,1,1,True,True,Real
OPAS prevê 400.000 mortes na América Latina e no Caribe em 3 meses e pico no Brasil em agosto  ,saúde,2020-07-01,107.0,1,1,1,True,True,Real
"

PRF apreende caminhão com milhões de dólares do PT e outros partidos #boato 
",política,2019-09-08,132.0,0,0,0,True,True,Fake
Lula: decisão do CNMP a favor de Dallagnol é vergonha histórica para o MP  ,política,2020-08-25,115.0,1,1,1,True,True,Real
"

Cacique Raoni roubou US$ 10 mi de Anita Roddick (dona da Body Shop) com a ONG Cobra Coral #boato 
",brasil,2019-09-28,215.0,0,0,0,True,True,Fake
"

Militares da reserva desafiam Witzel e correm em praia do Rio de Janeiro durante quarentena #boato 
",política,2020-04-21,59.0,0,0,0,True,True,Fake
"O ministro da Educação, Milton Ribeiro, envergonha até bolsonaristas  ",política,2020-09-24,62.0,1,0,0,False,False,Real
"SC: Não quero ser arrastada por atos de terceiros, diz governadora interina  ",política,2020-10-27,85.0,1,1,1,True,True,Real
"Para médica Nise Yamaguchi, comunidade científica conspira contra a vida  ",saúde,2020-07-19,84.0,1,1,1,True,True,Real
"

Carvativir são gotas milagrosas com 100% de cura da Covid-19 #boato 
",saúde,2021-01-28,33.0,0,0,0,True,True,Fake
"Pacote de ajuda a estados e municípios deve custar até R$ 130 bilhões, diz Guedes",política,2020-04-30,96.0,1,1,1,True,True,Real
Barras ao fundo das caixas de leite não indicam que produtos são usados  ,entretenimento,2018-12-26,61.0,0,0,0,True,True,Fake
Mulher faz live para homenagear amigo morto com suspeita de covid-19  ,saúde,2020-04-27,74.0,1,0,1,False,True,Real
"Por que o Canadá, líder global de vacinas compradas, não consegue atingir metas de vacinação  ",saúde,2021-02-15,54.0,1,1,1,True,True,Real
"É #FAKE que hospital de campanha do Anhembi não tem pacientes e, por isso, médicos têm sido liberados de plantões",saúde,2020-04-24,66.0,0,0,0,True,True,Fake
Outdoor em Santos manda transeuntes para casa devido ao coronavírus  ,saúde,2020-03-25,91.0,1,0,0,False,False,Real
"

229 missionários cristãos serão mortos no Afeganistão amanhã, alerta Judith Carmona #boato 
",entretenimento,2021-08-18,91.0,0,0,0,True,True,Fake
"

MST colocou fogo em fardos de algodão na cidade de Primavera do Leste (MT) #boato 
",brasil,2019-09-14,32.0,0,0,0,True,True,Fake
Justiça manda redes sociais retirarem do ar postagens sobre menina grávida  ,política,2020-08-17,49.0,1,1,1,True,True,Real
"Marilda Siqueira, a cientista que preparou a América do Sul para a covid-19  ",saúde,2020-12-07,191.0,1,1,1,True,True,Real
Corrente tira frase da OMS de contexto para defender reabertura econômica  ,mundo,2020-07-29,66.0,0,1,0,False,True,Fake
"

Lei 14.132 prevê prisão para policiais de fecharem o comércio e agirem a favor do lockdown #boato 
",brasil,2021-04-06,168.0,0,0,0,True,True,Fake
Acusação de que China contaminou máscaras com coronavírus foi inventada  ,mundo,2020-04-14,61.0,0,0,0,True,True,Fake
PGR se coloca contra ação sobre venda de refinarias da Petrobras  ,política,2020-09-30,149.0,1,1,1,True,True,Real
"

Wagner Moura dá entrevista drogado e não consegue falar, mostra vídeo #boato 
",entretenimento,2019-02-24,39.0,0,0,0,True,True,Fake
"

Vídeo mostra adega do ex-presidente Lula em Curitiba (Atibaia) #boato 
",política,2019-03-23,70.0,0,0,0,True,True,Fake
É #FAKE que filme de 2013 chamado 'Coronavírus' previu a pandemia atual,saúde,2020-03-24,113.0,0,0,0,True,True,Fake
Quarentena: Operadoras decidem prolongar sinal aberto de canais pagos  ,saúde,2020-05-08,68.0,1,1,1,True,True,Real
Reino Unido inicia nova abordagem de teste em massa de Covid-19 em Liverpool,saúde,2020-11-03,77.0,1,1,1,True,True,Real
"

Raoni Metukire mora na França, é dono de ONG em Paris e vendeu aldeia por 120 milhões #boato 
",política,2019-09-05,159.0,0,0,0,True,True,Fake
foto mostrar caixão enfileirar vítima coronavírus o itália verdade,saúde,2020-03-24,26.0,0,0,0,True,True,Fake
"

Leroy Merlin está dando churrasqueira a gás de Dia dos Pais no WhatsApp #boato 
",entretenimento,2020-08-05,77.0,0,0,0,True,True,Fake
 Reunião sobre impeachment de Witzel no Tribunal Misto será amanhã  ,política,2020-09-30,100.0,1,1,1,True,True,Real
"Crédito para veículos é o que mais sobe em 2019 entre empresas, impulsionado por aplicativos",política,2019-12-27,63.0,1,1,1,True,True,Real
"Bergamo, na Itália, pagará 500 euros para famílias de vítimas da covid-19  ",saúde,2020-07-12,83.0,1,1,1,True,True,Real
"

Caminhoneiros vão fazer greve por voto impresso em 7 de setembro e parar o Brasil #boato 
",política,2021-08-06,51.0,0,0,0,True,True,Fake
,política,2021-06-10,109.0,0,1,0,False,True,Fake
"

Alexandre de Moraes volta atrás e permite posse de Alexandre Ramagem na PF #boato 
",política,2020-05-11,34.0,0,0,0,True,True,Fake
"Em João Pessoa, Ibope aponta Cícero com 44% e Nilvan com 36%  ",política,2020-11-24,30.0,1,1,1,True,True,Real
fake nóis o efeito mandela existir,entretenimento,2020-02-11,5.0,0,0,0,True,True,Fake
Lei para furar fila da vacina sugere acordo sujo de Bolsonaro com Congresso  ,política,2021-04-07,63.0,1,1,1,True,True,Real
esqueleto humanar gigante encontrar o tailândia verdade,entretenimento,2019-02-22,12.0,0,0,0,True,True,Fake
Estudo da Lancet não levou estados e municípios a deixarem de receitar cloroquina,saúde,2020-08-17,24.0,0,0,1,True,False,Fake
"Sob Bolsonaro, gestão tem média de uma denúncia de assédio moral por dia  ",política,2020-08-03,58.0,1,1,1,True,True,Real
"Província de Hubei confirma mais 65 mortes por causa do coronavírus e casos confirmados na China passam de 24,3 mil",ciência,2020-02-04,96.0,1,1,1,True,True,Real
"Kalil libera reabertura de bares, comércios e academias em Belo Horizonte  ",saúde,2021-01-29,75.0,1,1,1,True,True,Real
"

Jean Wyllys foi expulso de Portugal e chamado de fascista #boato 
",política,2021-03-14,28.0,0,0,0,True,True,Fake
Homenagem a Aldir Blanc abre projeto musical no Rio durante pandemia  ,saúde,2020-05-06,125.0,1,1,1,True,True,Real
"Toffoli passa bem, mas deve ficar afastado do STF por pelo menos 10 dias, diz boletim",política,2020-05-29,78.0,1,1,1,True,True,Real
"Pfizer: Com acordo em 2020, Brasil teria hoje 8 milhões a mais de vacinados  ",política,2021-05-20,88.0,1,1,1,True,True,Real
PF cumpre mandado de busca e apreensão na casa de blogueiro bolsonarista preso em inquérito sobre atos antidemocráticos,política,2020-07-03,80.0,1,1,1,True,True,Real
"Suprapartidário, apoio a Kassio junta Tom & Jerry  ",política,2020-10-19,68.0,1,1,1,True,True,Real
É falso que o TSE atualizou apuração da votação baseado em site de notícias  ,política,2020-11-24,70.0,0,0,0,True,True,Fake
É enganosa postagem que questiona ética dos testes em humanos de vacinas para covid-19,saúde,2020-08-14,21.0,0,0,0,True,True,Fake
Brasileiro Cristiano Amon é o novo CEO global da Qualcomm,política,2021-01-05,70.0,1,1,1,True,True,Real
"

Unimed vai ser vendida para a China em um grande plano comunista #boato 
",saúde,2021-07-06,36.0,0,0,0,True,True,Fake
Ministério da Saúde cria comitê técnico para acompanhar a vacina de Oxford  ,saúde,2020-12-07,84.0,1,1,1,True,True,Real
"Homem é encontrado morto na rua em Wuhan, foco da epidemia de coronavírus",ciência,,456.0,1,1,1,True,True,Real
"

Doação de cinco filhotes de cães que ficaram órfãos em Teresópolis #boato 
",brasil,2020-01-13,37.0,0,0,0,True,True,Fake
Farmacêutica anuncia pedido à Anvisa para uso emergencial de vacina russa  ,saúde,2021-01-15,76.0,1,1,1,True,True,Real
"
  Cidade de Chapecó não “esvaziou” leitos de UTI com tratamento precoce contra covid-19 ",brasil,,86.0,0,0,0,True,True,Fake
"

Vídeo mostra desfile de 7 de setembro em Roma com música “Eu Te Amo, Meu Brasil” #boato 
",mundo,,41.0,0,0,0,True,True,Fake
"

Sinovac pagou propina para Doria trazer vacina ao Brasil, mostra Washington Post #boato 
",saúde,2020-12-09,84.0,0,0,0,True,True,Fake
Pressão por leitos aumenta e ocupação chega a 90% em nove capitais e no DF  ,política,2021-05-26,71.0,1,1,1,True,True,Real
"

Motoqueiros do Brasil lançam nota de repúdio a Omar Aziz e em defesa a Bolsonaro #boato 
",política,2021-07-19,206.0,0,0,0,True,True,Fake
"Levado ao governo por Jorge Oliveira, Mendonça tem ponte com Toffoli e é cotado para STF ",política,2020-04-28,94.0,1,1,1,True,True,Real
Infectologista do governo dos EUA se explica após nova tensão com Trump  ,saúde,2020-04-13,96.0,1,1,1,True,True,Real
"

Fazenda Nossa Senhora Aparecida em Barrolândia (TO) é do ex-presidente Lula #boato 
",política,2018-12-22,102.0,0,0,0,True,True,Fake
"

Bombeiro alerta que coronavírus se espalhou em Minas Gerais e hospital será construído #boato 
",saúde,2020-02-29,111.0,0,0,1,True,False,Fake
"

Gilberto Gil será preso por usar Lei Rouanet em casamento #boato 
",entretenimento,,23.0,0,0,0,True,True,Fake
Ex-conselheiro de Trump e guru de E. Bolsonaro é preso acusado de fraude  ,política,2020-08-20,122.0,1,1,1,True,True,Real
"

FDA autorizou uso da hidroxicloroquina em todos os pacientes com Covid-19 nos EUA #boato 
",mundo,2020-04-09,101.0,0,0,0,True,True,Fake
Vídeo atribui a Bolsonaro obras em estradas no MT feitas também por outros governos,política,2021-02-25,21.0,0,0,0,True,True,Fake
É #FAKE que Joe Biden acusou juiz da Suprema Corte de abuso sexual,mundo,2020-11-13,106.0,0,0,0,True,True,Fake
Renan diz que CPI pode mandar representante para ouvir Arthur Weintraub  ,política,2021-06-04,46.0,1,1,1,True,True,Real
"
  Nem todas estas imagens são do protesto contra medidas de prevenção do coronavírus em Berlim",saúde,,43.0,0,0,0,True,True,Fake
pedreiro ficar presar o o servente colar comer lubrificante íntimo,saúde,,51.0,0,0,0,True,True,Fake
"

Vídeo mostra caça MiG-25, do Azerbaijão, sendo abatido por artilharia antiaérea da Armênia #boato 
",mundo,,20.0,0,0,0,True,True,Fake
"Com demissões de Ernesto e Azevedo e Silva, Bolsonaro já mexeu em mais da metade dos ministérios em dois anos de mandato; saiba quem saiu",brasil,,771.0,1,1,1,True,True,Real
"Após fechar praias, Paes promete medidas mais duras e cobra Castro e União  ",saúde,2021-03-19,75.0,1,1,1,True,True,Real
Covid-19: restrições de acesso a Ilhabela (SP) continuam em vigor   ,saúde,2020-04-12,132.0,1,1,1,True,True,Real
"

Avião da Emirates com 275 passageiros faz pouso forçado no aeroporto de Dubai e explode #boato 
",mundo,2020-08-18,47.0,0,0,0,True,True,Fake
Covid-19: Justiça determina que plano de saúde não pode limitar internação  ,saúde,2020-04-17,162.0,1,1,1,True,True,Real
É #FAKE que foto mostre Bolsonaro jovem com uniforme do Exército abraçando outro militar,política,2020-11-09,55.0,0,0,0,True,True,Fake
"

Bolsonaro se veste de médico e diz “sou urologista, vou meter o dedo em esquerdista” #boato 
",política,2019-08-08,59.0,0,1,1,False,False,Fake
"Guedes insiste em nova CPMF, mesmo sem apoio no governo e no Congresso  ",política,2020-09-16,124.0,1,1,1,True,True,Real
"Coronavírus: ‘A pior coisa é a tosse incontrolável’, diz infectado",ciência,2020-03-13,76.0,1,1,1,True,True,Real
Flamengo desacelera conversas e deixa renovações em compasso de espera  ,saúde,2020-06-12,102.0,1,1,1,True,True,Real
Não é verdade que máscaras contaminadas serão distribuídas para a população de São Paulo,saúde,2020-05-01,28.0,0,0,0,True,True,Fake
"

Carrefour dá iPhone 12 Pro para quem responder pesquisa e compartilhar link #boato 
",entretenimento,2021-02-15,151.0,0,0,0,True,True,Fake
"Greenwald nega ter produzido filme pornô: ""Fui advogado e sócio de empresa""  ",entretenimento,2019-08-28,80.0,0,0,0,True,True,Fake
Estudo não traz evidências que comprovem eficácia da hidroxicloroquina na prevenção à covid-19,saúde,2021-08-31,45.0,0,0,0,True,True,Fake
"

Rachel Rodriguez, presa no Texas (EUA), é “funcionária eleitoral” de Biden #boato 
",mundo,2021-01-15,29.0,0,0,0,True,True,Fake
"Câmara aprova MPs que somam crédito de R$ 15,5 bilhões contra a covid-19  ",política,2020-09-09,92.0,1,1,1,True,True,Real
artigo new york times mostrar bolsonaro certar sobrar o coronavírus,saúde,2020-03-25,40.0,0,0,0,True,True,Fake
"Bolsonaristas veem conspiração e chamam Mandetta de ""rato"" e ""oportunista""  ",saúde,2020-04-06,97.0,1,1,1,True,True,Real
"

Pai da urna eletrônica é assessor de Barroso e ocupa cargo porque é investigado pela PF #boato 
",política,2021-08-11,37.0,0,0,0,True,True,Fake
o menino filmar jerry maguire velho o tom cruise,entretenimento,2019-09-16,53.0,0,0,0,True,True,Fake
"
  É enganosa a comparação entre o risco de morrer por covid e de um asteroide colidir com a Terra",brasil,2021-03-16,67.0,0,0,0,True,True,Fake
vídeo “ vacuna show ” provar o vacinar umar fraudar verdade,saúde,2021-01-12,61.0,0,0,0,True,True,Fake
"Notícias pessimistas podem ajudar a salvar vidas na pandemia, sugere estudo  ",saúde,2020-04-08,156.0,1,1,1,True,True,Real
"

Globo recebe visita da Polícia Federal durante Operação Peandra #boato 
",brasil,2019-09-03,75.0,0,0,0,True,True,Fake
"

Adriana Esteves é atacada por cão da raça Chow Chow #boato 
",entretenimento,2019-02-27,33.0,0,0,0,True,True,Fake
"Um ano depois de ter contraído covid, paciente relata dor e falta de olfato  ",saúde,2021-03-02,82.0,1,1,1,True,True,Real
Filas para comprar oxigênio crescem no Peru com segunda onda da pandemia  ,saúde,2021-01-21,62.0,1,1,1,True,True,Real
Itamaraty vira ‘bunker’ de olavistas no governo  ,política,2020-07-05,224.0,1,1,1,True,True,Real
postar gasolina devolver dinheiro impor parir cliente verdade,entretenimento,2021-03-10,46.0,0,0,0,True,True,Fake
Veja o que é #FATO ou #FAKE nas declarações dos candidatos à Prefeitura do Rio na 3ª semana de campanha,política,2020-10-16,97.0,0,0,0,True,True,Fake
Saúde divulga sete passos para combate à pandemia na Atenção Primária,saúde,2021-03-30,149.0,1,1,1,True,True,Real
"

STF da Argentina foi fechado à força pela população e Forças Armadas #boato 
",mundo,2021-07-23,66.0,0,0,0,True,True,Fake
Schelp: Governo soltou decreto do SUS sem transparência e em má hora  ,política,2020-10-29,103.0,1,1,1,True,True,Real
"

Dilma pede a Michelle Bolsonaro potes de Tupperware do Palácio da Alvorada #boato 
",política,2019-10-05,36.0,0,0,0,True,True,Fake
Arrecadação em live de Jorge e Mateus chega a 216 toneladas de alimentos   ,saúde,2020-04-05,79.0,1,1,0,True,False,Real
"

Cadastro para o Renda Brasil, Auxílio Gás, Mesa Brasil e Conta Pra Mim é aberto pelo governo no WhatsApp #boato 
",entretenimento,2020-08-27,126.0,0,0,0,True,True,Fake
 Bolsonaro não pode revogar reservas ecológicas criadas por decreto   ,política,2019-06-04,52.0,0,1,1,False,False,Fake
Coronavírus: governo federal reconhece estado de calamidade pública no Tocantins  ,saúde,2020-04-14,122.0,1,1,1,True,True,Real
Previsão de furacão para Santa Catarina e Rio Grande do Sul é falsa  ,brasil,2019-01-31,88.0,0,0,0,True,True,Fake
É enganoso que União repassou R$ 420 bi para os estados combaterem a pandemia,saúde,2021-06-04,44.0,0,0,0,True,True,Fake
Veja a situação da covid-19 nos estados neste sábado (8)  ,saúde,2021-05-08,61.0,1,1,1,True,True,Real
Novas doses da vacina vindas da Índia já estão na Fiocruz  ,saúde,2021-02-23,73.0,1,1,1,True,True,Real
Saúde anuncia orientações para evitar a disseminação do coronavírus ,saúde,2020-03-13,188.0,1,1,1,True,True,Real
"

Prefeitos esvaziam comprimidos de cloroquina para provar que remédio não funciona #boato 
",saúde,2020-08-10,23.0,0,0,0,True,True,Fake
"Mulher atirando em vídeo não é Greta Thunberg, mas engenheira sueca  ",entretenimento,2019-12-11,59.0,0,0,0,True,True,Fake
"

Adib Jatene critica isolamento social como solução para combater coronavírus, mostra vídeo #boato 
",saúde,2020-03-26,50.0,0,0,0,True,True,Fake
Restaurantes dos EUA oferecem donut de graça para quem já se vacinou contra a Covid,saúde,2021-03-22,50.0,1,1,1,True,True,Real
"

Governo da Irlanda coloca aviso contra vacina e máscaras em pedágios #boato 
",mundo,2021-01-27,80.0,0,0,0,True,True,Fake
"Conta de luz: Bolsonaro diz que Tarifa Social teve R$ 250 bi, mas foram R$ 900 mi  ",saúde,2020-05-19,106.0,1,1,1,True,True,Real
"

Apenas 8 estados sustentam o Brasil enquanto 18 estados exploram o país #boato 
",brasil,2019-12-03,103.0,0,1,0,False,True,Fake
"

Vídeo mostra manifestação contra o comunismo na Argentina durante a quarentena #boato 
",mundo,2020-06-12,43.0,0,0,0,True,True,Fake
'Peguei covid na volta às aulas': os riscos para professores na pandemia  ,saúde,2021-03-10,106.0,1,1,1,True,True,Real
É #FAKE que vídeo mostre protesto de policiais franceses contra as medidas sanitárias para barrar a Covid-19,mundo,2021-04-08,90.0,0,0,0,True,True,Fake
"

Associação portuguesa relevante faz nota de repúdio contra Bolsonaro #boato 
",mundo,2021-08-17,104.0,0,0,0,True,True,Fake
PL determina que dados da covid-19 enviados ao governo sejam repassados à Câmara  ,saúde,2020-06-06,111.0,1,1,1,True,True,Real
É #FAKE lista com locais de votação em Porto Alegre nas eleições 2020,política,2020-11-15,60.0,0,0,0,True,True,Fake
"

Professora Anita Bezerra faz relato sobre aluno de 10 anos e a tragédia de Suzano #boato 
",brasil,2019-03-17,170.0,0,0,0,True,True,Fake
Coronavírus: 135.430 pessoas estão curadas no Brasil,saúde,2020-05-22,66.0,1,1,1,True,True,Real
STJ diz que arquivos estão íntegros após ataque hacker e prevê normalização na terça-feira  ,política,2020-11-06,87.0,1,1,1,True,True,Real
"Hospital com mortes em SP não notifica casos suspeitos, diz secretaria  ",saúde,2020-03-20,78.0,1,1,1,True,True,Real
"
  Homem filmado sem máscara em bar não é o ex-presidente Lula",brasil,2021-03-19,66.0,0,0,0,True,True,Fake
Noruega financia mapeamento de florestas tropicais por satélite em esforço contra desmatamento,ciência,2020-10-28,53.0,1,1,0,True,False,Real
Comissão decide ouvir Wajngarten antes de CPI  ,política,2021-05-03,105.0,1,1,1,True,True,Real
"'Eu não acredito na sinceridade do Ciro Gomes', diz Tatto  ",política,2020-10-30,160.0,1,1,1,True,True,Real
Coronavírus: cruzeiro é retido no Recife após canadense apresentar sintomas  ,saúde,2020-03-13,74.0,1,1,1,True,True,Real
"CPI: senador pede quebra de sigilo de Carlos Bolsonaro, Filipe Martins e Pazuello  ",política,2021-05-18,161.0,1,1,1,True,True,Real
"Eleições 2020: nas capitais, 1 em cada 4 candidatos não terá tempo de TV; veja a divisão em cada cidade",política,2020-10-06,196.0,1,1,1,True,True,Real
Economistas têm dúvidas sobre ritmo da indústria em 2021  ,saúde,2021-02-03,114.0,1,1,1,True,True,Real
"
  Foto de políticos aglomerados é de 2016 e homem com equipamento de proteção é Putin em Moscou",brasil,2020-10-14,72.0,0,0,0,True,True,Fake
"

Marielle tirou foto com um dos seus assassinos, que era da Mangueira #boato 
",política,2019-03-21,65.0,0,0,0,True,True,Fake
838 morrem em um dia na Espanha por coronavírus e país tem novo recorde  ,saúde,2020-03-29,95.0,1,1,1,True,True,Real
"Filme de Vereza indicado a prêmio não usou Lei Rouanet, mas nem poderia  ",entretenimento,2019-09-07,100.0,0,0,0,True,True,Fake
"Paulista Aberta: SP vê situação simples, mas não tem previsão para retomada  ",saúde,2020-07-17,91.0,1,1,1,True,True,Real
"

Lula disse “lamento que mulheres estejam sofrendo com o Talibã, mas estou feliz” #boato 
",política,2021-08-23,27.0,0,0,0,True,True,Fake
"Coronavírus priva de aulas 1 a cada 5 alunos no mundo, segundo Unesco  ",saúde,2020-03-10,94.0,1,1,1,True,True,Real
"
  As fotos do jornalista César Tralli patinando sem máscara são de 2014",brasil,,52.0,0,0,0,True,True,Fake
"

Índia derrotou a Covid-19 porque adotou ivermectina e suspendeu vacinação em massa #boato 
",mundo,2021-06-25,125.0,0,0,1,True,False,Fake
EUA se preparam para tempestade de inverno em meio a cortes de energia  ,saúde,2021-02-17,66.0,1,1,1,True,True,Real
"SP tem queda de 8% em mortes e 2,5% em internações na última semana  ",saúde,2020-08-03,98.0,1,1,1,True,True,Real
"

Bandeira da China foi hasteada no lugar da brasileira entre Votuporanga e Sebastianópolis do Sul (São Paulo) #boato 
",brasil,2021-04-03,101.0,0,0,0,True,True,Fake
"Votem em prefeitos comprometidos com Deus, pátria e família, diz Bolsonaro  ",política,2020-10-01,86.0,1,1,1,True,True,Real
o vídeo vítima covid descer amarrar necrotério o rússia real,saúde,,19.0,0,0,0,True,True,Fake
"

Vacinação em massa criará novas variantes da Covid-19, acabar com sistema imunológico e destruir a humanidade #boato 
",saúde,2021-03-20,65.0,0,1,0,False,True,Fake
É #FAKE que Doria evitou Coronavac e foi flagrado na fila da vacina da Pfizer,política,2021-05-11,102.0,0,0,0,True,True,Fake
É #FAKE que Câmara aprovou aborto até 22 semanas no Brasil,política,2020-07-13,72.0,0,0,0,True,True,Fake
"

Site da Seguradora Líder para pagamento do DPVAT foi hackeado #boato 
",entretenimento,2019-01-03,95.0,0,0,0,True,True,Fake
"

Programa Renda Brasil +Crédito, com crédito de R$ 50 mil, é lançado em site no WhatsApp #boato 
",entretenimento,2020-10-02,74.0,0,0,0,True,True,Fake
"

Bill Gates ensina 11 regras que “não se aprende na escola” durante palestra #boato 
",entretenimento,2018-12-06,80.0,0,0,0,True,True,Fake
Donald Trump garante que a pior parte da pandemia do novo coronavírus ficou para trás  ,saúde,2020-06-05,14.0,1,1,1,True,True,Real
Juíza nega recurso e mantém prisão de sócios da Avianca na Lava Jato  ,política,2020-09-03,126.0,1,1,1,True,True,Real
Bebê de dois meses morre de coronavírus na Bahia; família questiona diagnóstico  ,saúde,2020-05-06,162.0,1,1,1,True,True,Real
"Mauro Cezar: ""Nem todo mundo no Flamengo defende essa volta açodada""  ",saúde,2020-05-15,120.0,1,1,1,True,True,Real
É #FAKE que juiz mandou soltar homem que espancou paisagista por falta de provas,entretenimento,2019-02-27,81.0,0,0,0,True,True,Fake
ex-candidato o vereador joão pessoa voto manipular pelar tre-pb,política,2020-11-23,43.0,0,0,0,True,True,Fake
É #FAKE que foto mostre dinheiro jogado no meio da rua na Itália em meio à pandemia do coronavírus,mundo,2020-04-02,65.0,0,0,0,True,True,Fake
"Cobrada, Saúde diz que reforçará cargas para evitar falta de oxigênio em RO e AC  ",saúde,2021-03-22,84.0,1,1,1,True,True,Real
ministro saudar ontário fingir tomar umar vacinar o gripar,saúde,,14.0,0,0,0,True,True,Fake
Pesquisadores do Brasil reduzem espera por diagnóstico de coronavírus a 3h  ,saúde,2020-02-08,97.0,1,1,1,True,True,Real
"‘Eu me sinto na fase mais difícil de uma guerra’, diz enfermeira de hospital lotado do RS",saúde,2021-02-27,68.0,1,1,1,True,True,Real
"

Faber-Castell está dando amostras grátis de lápis de cor em site no WhatsApp #boato 
",entretenimento,2019-01-06,29.0,0,0,0,True,True,Fake
Suporte Ventilatório Pulmonar: mais 284 leitos são autorizados para 10 estados e Distrito Federal,saúde,2021-05-06,106.0,1,1,1,True,True,Real
"'Situação no Brasil é um alerta de que o coronavírus exige atenção contínua de autoridades', diz diretora da Opas",saúde,2021-03-17,86.0,1,1,1,True,True,Real
Crise sanitária pode empurrar 86 milhões de crianças para a pobreza  ,saúde,2020-05-27,78.0,1,1,1,True,True,Real
Coronavírus no mundo: onde os casos estão subindo e onde estão caindo,saúde,2020-06-29,67.0,1,1,1,True,True,Real
vídeo mostrar robô caminhar igual o humano verdade,entretenimento,2019-01-12,23.0,0,0,0,True,True,Fake
É #FAKE foto que mostra Cleo usando camiseta com inscrição crítica a Moro,entretenimento,2020-01-17,68.0,0,0,0,True,True,Fake
"

SBT voltará a exibir “A Semana do Presidente” com Jair Bolsonaro #boato 
",entretenimento,2021-02-24,30.0,0,1,0,False,True,Fake
"

Sérgio Reis escreveu carta sobre Ditadura no Diário de São Paulo hoje #boato 
",entretenimento,2020-11-12,181.0,0,0,0,True,True,Fake
"

Pastor na Itália reabre igreja com fotos de fiéis que morreram de Covid-19 #boato 
",entretenimento,2020-06-22,48.0,0,0,1,True,False,Fake
Vacina contra Covid: como os imunizantes impedem ou não a disseminação de doenças na sociedade,ciência,2021-02-22,63.0,1,1,0,True,False,Real
"

China está enviando sementes e ervas envenenadas para EUA e outros países #boato 
",mundo,2020-08-07,44.0,0,0,0,True,True,Fake
TCU aponta omissões graves de Pazuello em gestão da pandemia e sugere punição  ,política,2021-04-15,200.0,1,1,1,True,True,Real
É #FAKE que vídeo mostre chineses construindo ferrovia ligando Mato Grosso ao Maranhão,mundo,2019-10-25,64.0,0,0,0,True,True,Fake
MSC Cruzeiros estende paralisação das operações de frota até o fim de maio  ,saúde,2020-03-30,99.0,1,1,1,True,True,Real
É #FAKE que governador de Sergipe disse que quem descumprir toque de recolher levará 'porrada da polícia',brasil,2021-03-26,68.0,0,0,0,True,True,Fake
Estudo aponta que divulgação de casos de covid pode demorar até 7 semanas  ,saúde,2020-08-25,111.0,1,1,1,True,True,Real
foto bananeiro cacho falso entender o foto,entretenimento,2020-09-12,22.0,0,0,0,True,True,Fake
É enganoso vídeo que denuncia suposta fraude nas urnas em João Pessoa,política,2020-12-04,14.0,0,0,0,True,True,Fake
Ministro da Saúde pede ao Congresso R$ 5 bilhões para combate ao coronavírus,política,2020-03-11,108.0,1,1,1,True,True,Real
É #FAKE que vídeo mostre bonecas androide feitas na China,mundo,2019-11-27,71.0,0,0,0,True,True,Fake
"

Lindbergh Farias é flagrado comprando drogas no Morro do Vidigal (Rio de Janeiro) #boato 
",política,2019-10-14,16.0,0,0,0,True,True,Fake
França mantém restaurantes e estações de esqui fechados em batalha contra covid-19  ,saúde,2021-01-07,55.0,1,1,1,True,True,Real
Diagnóstico positivo de Doria para covid não indica ineficácia da Coronavac  ,saúde,2021-07-16,83.0,0,0,0,True,True,Fake
"

Cid Gomes foi atingido por balas de borracha e armou farsa sobre ferimentos #boato 
",política,2020-02-23,112.0,0,0,0,True,True,Fake
"
  Publicações com falas atribuídas ao ex-presidente Lula, chamado de “genocida”, são enganosas",política,2021-05-27,79.0,0,0,0,True,True,Fake
Colômbia autoriza importação da vacina CoronaVac  ,saúde,2021-02-04,105.0,1,1,1,True,True,Real
Denúncia na ONU: Bolsonaro e aliados realizaram 449 ataques contra imprensa  ,política,2020-09-28,98.0,1,1,1,True,True,Real
Holanda é último país da União Europeia a iniciar vacinação contra covid-19  ,saúde,2021-01-06,62.0,1,1,1,True,True,Real
"

Reforma da Previdência não muda nada nas regras de aposentadoria de pobres e mulheres #boato 
",política,2019-03-05,260.0,0,0,0,True,True,Fake
"Crise da covid-19 aprofundou desigualdades, diz secretário-geral da ONU  ",saúde,2021-01-25,77.0,1,1,1,True,True,Real
Bolsonaro pressiona senador a pedir abertura de impeachment de ministros do STF  ,política,2021-04-11,121.0,1,1,1,True,True,Real
Doria confirma liberação de insumos para produção da CoronaVac  ,política,2021-04-08,91.0,1,1,1,True,True,Real
"
  Foto de pessoas saudando tanque militar foi feita em 1959 em Cuba, e não em 1964 no Brasil",política,2021-03-22,66.0,0,0,0,True,True,Fake
É #FAKE que PT entrou com ação no STF para impedir redução do preço do gás,política,2019-08-07,63.0,0,0,0,True,True,Fake
EUA: Flórida tem novo recorde no registro diário de mortes por covid-19  ,saúde,2020-07-16,96.0,1,1,1,True,True,Real
"Por que o dólar despencou e a Bolsa disparou nesta semana, em meio à covid?  ",saúde,2020-06-05,116.0,1,1,1,True,True,Real
"Sputnik: Veto da Anvisa foi político, diz chefe de comitê científico do NE  ",saúde,2021-04-28,98.0,1,1,1,True,True,Real
É #FAKE que fumaça preta vista em crematório de Porto Alegre seja resultado do acúmulo de mortos por Covid-19,brasil,2021-03-24,90.0,0,0,0,True,True,Fake
Novas investigações sobre a foto da Menina Fantasma do Corredor!,entretenimento,2021-08-14,34.0,0,0,0,True,True,Fake
É falso que máscaras não ajudam controlar pandemia. Ciência atesta eficácia  ,ciência,2020-08-07,76.0,0,0,0,True,True,Fake
Generais da reserva discordam de decisão do Exército de não punir Pazuello  ,política,2021-06-03,97.0,1,1,1,True,True,Real
Pazuello deveria pleitear uma delação premiada  ,política,2021-01-27,100.0,1,1,1,True,True,Real
"Conta de água sobe 3,4% em cidades com atendimento da Sabesp  ",saúde,2020-08-17,82.0,1,1,1,True,True,Real
Arthur do Val contesta investigação sobre vídeo em SP: 'Não foi encenação'  ,política,2020-09-28,135.0,1,1,1,True,True,Real
"Brasil chega a 3.125 mortos em média na semana, o maior índice da pandemia  ",política,2021-04-12,92.0,1,1,1,True,True,Real
Bisavó de 106 anos recebe alta depois de se recuperar do coronavírus  ,saúde,2020-04-15,114.0,1,1,1,True,True,Real
Vídeo não prova fraude em eleição de 2014  ,política,2021-07-15,90.0,0,0,0,True,True,Fake
Site engana ao afirmar que Anvisa ‘confessa ineficácia de máscaras’ contra a covid,saúde,2021-07-29,40.0,0,0,0,True,True,Fake
"

Uso prolongado de máscaras de proteção causa hipóxia (baixa oxigenação) #boato 
",saúde,2020-05-06,100.0,0,0,0,True,True,Fake
"Estudo italiano é verdadeiro, mas pesquisadores não propõem uso da hidroxicloroquina como potencial tratamento para covid-19",saúde,2020-08-31,18.0,0,0,0,True,True,Fake
Paciente acamado há 37 anos e com síndrome de Down vence covid-19  ,saúde,2020-06-22,92.0,1,1,1,True,True,Real
"

Piloto se recusa a cumprimentar Lula durante embarque em avião #boato 
",política,2019-03-02,73.0,0,1,1,False,False,Fake
"

Lula agradece Marcola do PCC em discurso após sair da prisão #boato 
",política,2019-11-14,35.0,0,0,0,True,True,Fake
"

Igreja Universal faz tatuagem de cruz para marcar a mão dos fiéis #boato 
",entretenimento,2019-02-19,131.0,0,0,0,True,True,Fake
Janot não denunciou ministros do STF nem disse que eles seriam presos  ,política,2019-10-09,59.0,0,0,0,True,True,Fake
"Incêndios no Pantanal causam devastação, matam animais e emitem alerta climático  ",política,2020-09-14,81.0,1,0,0,False,False,Real
"

Quem dirigir sem máscara vai levar multa de R$ 128 e três pontos na carteira #boato 
",saúde,2020-04-29,27.0,0,0,0,True,True,Fake
"

Boca Juniors é o time do judaísmo, não joga aos sábados e homenageou o Sr. Jacob #boato 
",entretenimento,,82.0,0,0,0,True,True,Fake
"

Prisão de Sérgio Reis acaba de ser decretada por Alexandre de Moraes #boato 
",política,2021-08-15,68.0,0,0,0,True,True,Fake
Diretora da OMS não recomenda que vacina contra covid-19 seja obrigatória  ,saúde,2020-10-21,77.0,1,1,1,True,True,Real
Procuradoria pede que MP apure se Crivella cometeu crime eleitoral  ,política,2020-09-01,104.0,1,1,1,True,True,Real
"Soldados da 2ª Guerra admirariam luta contra covid-19, diz rainha Elizabeth  ",saúde,2020-05-08,94.0,1,1,1,True,True,Real
Brasil tem 1.054 vítimas de Covid nas últimas 24 horas; média móvel de mortes bate nono recorde seguido,ciência,2021-03-07,85.0,1,1,1,True,True,Real
Veja o que é #FATO ou #FAKE nas declarações dos candidatos à Prefeitura do Rio na 1ª semana de campanha,política,2020-10-03,155.0,0,0,0,True,True,Fake
AM demite médica que fez nebulização de hidroxicloroquina; paciente morreu  ,política,2021-04-15,65.0,1,1,1,True,True,Real
Estudo com hidroxicloroquina não comprova eficácia no ‘tratamento precoce’,saúde,2021-06-15,26.0,0,0,0,True,True,Fake
"
  Comparação entre papa e Bolsonaro sem máscara ignora estágio da pandemia nos dois países",entretenimento,2021-06-24,50.0,0,0,0,True,True,Fake
"

Vídeo mostra abertura do vertedouro da barragem de Três Marias, em Minas Gerais #boato 
",brasil,2020-03-07,122.0,0,1,1,False,False,Fake
CEO da Sinovac: 'Confiante em que podemos mudar a situação da pandemia'  ,saúde,2021-01-25,58.0,1,1,1,True,True,Real
"Ação federal ajudaria a conter variante 'galopante' do vírus, diz Gabbardo  ",saúde,2021-03-04,72.0,1,1,1,True,True,Real
"

Vídeo mostra ataque de drone que matou general iraniano Qasem Soleimani #boato 
",mundo,2020-01-06,82.0,0,0,0,True,True,Fake
Greta diz que é preciso combater coronavírus e crise climática 'ao mesmo tempo'  ,saúde,2020-04-22,106.0,1,1,1,True,True,Real
Vídeo de grupo bolsonarista engana ao falar em “mobilização nacional para a reabertura do comércio”,saúde,2020-04-09,11.0,0,0,0,True,True,Fake
Coronavírus: Seleção chinesa feminina entra em quarentena na Austrália  ,saúde,2020-01-29,57.0,1,1,1,True,True,Real
"
  Escolhida para produzir urnas eletrônicas, Positivo não foi comprada pela chinesa Lenovo",brasil,2020-07-29,72.0,0,0,0,True,True,Fake
"

Bolsonaro votou contra a Lei Brasileira de Inclusão (LBI) na Câmara #boato 
",política,,26.0,0,0,0,True,True,Fake
Coronavírus: EUA têm 109.192 mortes e 1.891.690 casos confirmados  ,saúde,2020-06-06,155.0,1,1,1,True,True,Real
Vinícolas reabrem com mais experiências ao ar livre e degustações online  ,saúde,2020-07-15,95.0,1,1,1,True,True,Real
"

José Dirceu e George Soros iriam fantasiar militantes do MST de índios em protesto em Brasília #boato 
",política,2019-04-20,202.0,0,0,0,True,True,Fake
"Gestantes passam anticorpos contra covid-19 para os bebês, diz estudo",saúde,2021-02-27,106.0,1,0,1,False,True,Real
"Disney pode verificar temperatura de visitantes quando parques temáticos reabrirem, diz presidente  ",saúde,2020-04-08,74.0,1,1,1,True,True,Real
"Luciano Hang, dono da Havan, está internado com covid-19 em São Paulo  ",saúde,2021-01-19,71.0,1,1,1,True,True,Real
"Em audiência nos EUA, Twitter, Google e Facebook defendem seus métodos de moderação de conteúdo",política,2020-10-28,95.0,1,1,0,True,False,Real
"

Fernando Pessoa escreveu texto que começa com “meus amigos são todos assim” #boato 
",entretenimento,,37.0,0,0,0,True,True,Fake
Dados preliminares de estudo britânico identificam remédio que pode reduzir mortes de pacientes graves com Covid-19,ciência,2020-06-16,186.0,1,1,1,True,True,Real
Bulgari doa 200 mil frascos de álcool em gel para médicos na Itália  ,saúde,2020-03-26,189.0,1,1,1,True,True,Real
"

Facebook tem acesso a todos os dados de sua conta bancária #boato 
",entretenimento,2021-03-18,32.0,0,0,0,True,True,Fake
Estudo sugere que a cobra é o hospedeiro de coronavírus na China  ,saúde,2020-01-23,99.0,1,1,1,True,True,Real
Procurador pede para sair de grupo de trabalho da Lava Jato na PGR ,política,2020-03-05,94.0,1,1,0,True,False,Real
Deputada defende 'comissão da verdade' sobre monumentos de São Paulo  ,política,2020-07-23,108.0,1,1,1,True,True,Real
UOL transmite Roda Viva com o médico Eugênio Scannavino  ,saúde,2019-12-07,112.0,1,1,1,True,True,Real
Audiências da Operação Spoofing são adiadas por problemas técnicos  ,política,2021-05-04,43.0,1,1,1,True,True,Real
"

Itaú e Turma da Mônica estão dando livros e gibis para quem compartilhar link no WhatsApp #boato 
",entretenimento,,110.0,0,0,0,True,True,Fake
É #FAKE que decreto presidencial obriga homens a servir ao Exército durante o carnaval,brasil,2019-02-26,119.0,0,0,0,True,True,Fake
Trump volta atrás em promessa de vacina contra coronavírus até o fim do ano  ,saúde,2020-05-05,55.0,1,1,1,True,True,Real
"EUA tem 16 mil casos de coronavírus e 215 mortos, diz CNN  ",saúde,2020-03-20,25.0,1,1,1,True,True,Real
"

Chineses não usam máscaras em reunião no Instituto Butantan, no Brasil #boato 
",saúde,2020-12-14,15.0,0,0,0,True,True,Fake
vídeo mostrar camaleão trocar cor verdadeiro falsar,entretenimento,2020-11-14,13.0,0,0,0,True,True,Fake
Ministro Luís Roberto Barroso é eleito novo presidente do TSE,política,2020-04-16,63.0,1,1,1,True,True,Real
Dois dilemas sobre os direitos humanos,política,2020-03-07,423.0,1,1,0,True,False,Real
"Como manter a mente sã em períodos de crise, como o atual  ",saúde,2020-03-31,101.0,1,1,1,True,True,Real
"Celso de Mello decide sobre sigilo da gravação de reunião ministerial até o fim da semana, informa STF",política,2020-05-18,100.0,1,1,1,True,True,Real
charlie chaplin ficar terceirar concurso sósia charlie chaplin,entretenimento,2020-10-24,30.0,0,0,0,True,True,Fake
"
  Não há evidências científicas sobre a necessidade de trocar escova dental após caso de covid-19",saúde,,78.0,0,0,0,True,True,Fake
Deputadas do PSOL do RJ denunciam deputado do Novo por associá-las ao crime  ,política,2020-08-07,124.0,1,1,1,True,True,Real
"Após 25 anos do massacre de Eldorado dos Carajás, MST congela invasões",brasil,,695.0,1,1,1,True,True,Real
É #FAKE que vídeo mostre ataque aéreo a comboio de general iraniano,mundo,2020-01-06,60.0,0,0,0,True,True,Fake
PGR pede ao STF que inquérito sobre Pazuello vá para a primeira instância,brasil,,185.0,1,1,1,True,True,Real
"

Número de mortes diárias por Covid-19 caiu por causa de investigação de Nelson Teich e Sérgio Moro #boato 
",saúde,2020-04-23,36.0,0,0,1,True,False,Fake
"Bolsonaro luta para não ser culpado por 'negligência criminosa', diz especialista em ditaduras latinas  ",política,2021-03-31,85.0,1,1,1,True,True,Real
É falsa corrente que acusa embaixada nos EUA de ser 'reduto do PT'  ,mundo,2019-08-06,112.0,0,0,0,True,True,Fake
"Sem isolamento e ações contra a Covid-19, Brasil pode ter até 1 milhão de mortes na pandemia, diz estudo",ciência,2020-03-27,127.0,1,1,1,True,True,Real
É #FAKE que haja 100 mil ONGs na Amazônia e nenhuma no Nordeste,brasil,2019-08-27,93.0,0,0,0,True,True,Fake
"""Vão ao templo testemunhar o cofre"", diz Lancellotti sobre decisão do STF  ",política,2021-04-04,95.0,1,1,1,True,True,Real
"Imunidade de rebanho: por que a OMS descarta alcançar imunidade coletiva contra covid-19 em 2021, mesmo com vacinas  ",saúde,2021-01-12,49.0,1,1,1,True,True,Real
"
  O imóvel supostamente comprado por Lula ainda está à venda",brasil,2020-11-13,76.0,0,0,0,True,True,Fake
"

Curso obrigatório para professores ensina como atrapalhar governo Bolsonaro #boato 
",política,2018-12-02,78.0,0,0,0,True,True,Fake
Ala ideológica no Planalto: quem saiu e quem permanece no governo Bolsonaro,brasil,,697.0,1,1,1,True,True,Real
Márcio França acena a Bolsonaro e PDT cogita veto a aliança com o PSB  ,política,2020-08-12,115.0,1,1,1,True,True,Real
Bolivianos acampados em Santiago poderão voltar ao seu país após quarentena  ,saúde,2020-04-28,90.0,1,1,1,True,True,Real
É #FAKE que vídeo mostre hospital vazio na PB e revele farsa da Covid-19,brasil,2021-04-28,81.0,0,0,0,True,True,Fake
"

Aulas de Jean Wyllys em Harvard foram canceladas por falta de alunos #boato 
",política,2019-10-18,66.0,0,0,0,True,True,Fake
"

Ecoterroristas usam drone para causar incêndios na Califórnia (EUA) 
",mundo,,25.0,0,0,0,True,True,Fake
É falso que Boulos tenha cobrado aluguel de moradores sem-teto,política,2020-11-24,29.0,0,0,0,True,True,Fake
o hacker presar pelar pf dirigir land rover nome manuela d’ávila,entretenimento,2019-08-16,36.0,0,0,0,True,True,Fake
,política,2019-11-24,49.0,0,0,0,True,True,Fake
"Zambelli e Doria discutem em palanque, e deputada diz: 'gritou feito louco'  ",política,2021-05-28,62.0,1,1,1,True,True,Real
Câmara aprova PL que autoriza contratação privada de UTIs para o SUS  ,saúde,2021-03-24,81.0,1,1,1,True,True,Real
Prefeito faz 'homenagem' aos homens que se cadastraram como gestantes para furar fila da vacinação,saúde,,108.0,1,1,1,True,True,Real
É #FAKE que recontagem em condado de Michigan mostra virada de Trump no estado,mundo,2020-11-10,49.0,0,0,0,True,True,Fake
"É #FAKE que a Justiça Eleitoral indeferiu candidatura de Vantoil Martins à Prefeitura de Iguaba Grande, no Rio",política,2019-06-01,64.0,0,0,0,True,True,Fake
homofóbico atirar vezar médico ejacular exame próstata,entretenimento,2020-09-17,21.0,0,0,0,True,True,Fake
"Apuração da eleição brasileira é aberta a qualquer pessoa, ao contrário do que afirma post",política,2020-11-18,21.0,0,0,0,True,True,Fake
"

Palmeiras vai doar renda de jogo para vítimas de incêndio no CT do Flamengo #boato 
",entretenimento,2019-02-11,121.0,0,0,0,True,True,Fake
"

Julgamento no STF sobre segunda instância é ilegal por causa da mudança de jurisprudência #boato 
",política,2019-11-19,91.0,0,1,1,False,False,Fake
"

Spray nasal contra Covid-19 que interessou Bolsonaro começa a ser vendido em Israel #boato 
",política,2021-07-20,27.0,0,0,0,True,True,Fake
Médico chefe da Rio-2016 supera Covid e deixa UTI após um mês  ,saúde,2020-05-18,135.0,1,1,1,True,True,Real
"

Vacina do novo coronavírus (Covid-19) virá com microchip para colher identidade da população #boato 
",saúde,2020-03-26,107.0,0,1,1,False,False,Fake
"É #FAKE que Facebook, Instagram e WhatsApp foram bloqueados por tempo indeterminado em razão de ataque em Suzano",entretenimento,2019-03-13,67.0,0,0,0,True,True,Fake
"

Advogada Olga Nikolaevna alerta para golpe em mensagens de bom dia e números que clonam #boato 
",entretenimento,2020-10-07,233.0,0,0,0,True,True,Fake
Redução do adicional de periculosidade só valerá para jovens que aceitarem seguro opcional,política,2019-11-26,14.0,0,0,0,True,True,Fake
É #FAKE mensagem em vídeo que diz que álcool gel não funciona como forma de prevenção contra o coronavírus,ciência,2020-02-28,68.0,0,0,0,True,True,Fake
Governador do Piauí prorroga isolamento social no estado até 6 de julho  ,saúde,2020-06-22,105.0,1,1,1,True,True,Real
"

José Carlos ganhou concurso de física e vai representar o Brasil nas Olimpíadas #boato 
",ciência,2019-02-22,24.0,0,0,0,True,True,Fake
"Número de mortos por coronavírus passa de 90 mil na Europa, diz balanço  ",saúde,2020-04-16,65.0,1,1,1,True,True,Real
"

Teste de unha identifica se há alguém lhe espiando em um espelho de duas direções #boato 
",ciência,,167.0,0,0,0,True,True,Fake
É #FAKE que vídeo mostre remédio e que ele revele um alerta de sempre quebrar comprimido antes de tomar,entretenimento,2019-10-09,75.0,0,0,0,True,True,Fake
UE pede fim de bloqueios ao Reino Unido para evitar desabastecimento  ,saúde,2020-12-22,63.0,1,1,1,True,True,Real
Brasil não adere ao compromisso de 130 países de lutar contra fake news  ,saúde,2020-06-16,102.0,1,1,1,True,True,Real
África ultrapassa 110 mil casos de coronavírus com mais de 3 mil mortes  ,saúde,2020-05-25,56.0,1,1,1,True,True,Real
ex-ministro nelson teich aceitar o cargo secretário saudar paulo,política,2020-05-15,22.0,0,0,0,True,True,Fake
"Isolamento por coronavírus levará a dura crise na América Latina, prevê FMI  ",saúde,2020-04-14,91.0,1,1,1,True,True,Real
Veja o que é #FATO ou #FAKE nas entrevistas de Flávio Bolsonaro sobre o caso Queiroz ,política,2019-01-21,85.0,0,1,0,False,True,Fake
RJ: Polícia Civil e MP fazem ação contra fraude na merenda da rede estadual  ,saúde,2020-06-26,76.0,1,1,1,True,True,Real
vídeo mostrar o exato quedo mc kevin prédio,brasil,2021-05-18,30.0,0,0,0,True,True,Fake
É #FAKE que fotos revelem projeto secreto em que aviões espalham produtos químicos nocivos à saúde,entretenimento,2019-06-17,125.0,0,0,0,True,True,Fake
"

Avião da FAB passa entre as torres do Congresso Nacional #boato 
",brasil,2021-01-19,36.0,0,0,0,True,True,Fake
polvo assustador flagrar deslizar pelar praia verdade,mundo,,24.0,0,0,0,True,True,Fake
verdade defensor movimentar antivacinas internar catapora,saúde,2019-03-20,28.0,0,0,0,True,True,Fake
"Troca de ministros afeta todo o sistema de saúde, afirma secretário de SP  ",saúde,2020-05-19,80.0,1,1,1,True,True,Real
STF retoma julgamento sobre anulação das condenações de Lula nesta quinta ,brasil,,449.0,1,1,1,True,True,Real
Biden deve receber vacina contra coronavírus na próxima semana  ,saúde,2020-12-16,36.0,1,1,1,True,True,Real
É #FAKE que jornalista da GloboNews chamou nordestino de 'pobre estúpido',entretenimento,2020-08-18,94.0,0,0,0,True,True,Fake
Municípios pressionam ministério para distribuir vacinas igualmente  ,saúde,2020-12-08,94.0,1,1,1,True,True,Real
"

Irã resolve expulsar embaixador do Brasil por causa de conflitos #boato 
",mundo,2020-01-09,63.0,0,1,1,False,False,Fake
Onze fatos sobre coceira que você talvez não sabia,ciência,2019-12-28,32.0,1,0,0,False,False,Real
Sociedade de Infectologia vê discurso de Bolsonaro como 'temerário'  ,saúde,2020-03-25,117.0,1,1,1,True,True,Real
"Nicolelis: Sem vacinação de milhões de pessoas por dia, ano de 2022 já era  ",política,2021-03-20,130.0,1,1,1,True,True,Real
"Pesquisas erraram, sim, mas o feito democrata é maior do que dizem por aí  ",política,2020-11-09,158.0,1,1,0,True,False,Real
"Há evidência de que nova variante do coronavírus é mais mortal, diz Boris Johnson  ",saúde,2021-01-22,56.0,1,1,1,True,True,Real
Florianópolis terá transporte especial para profissionais da saúde  ,saúde,2020-07-20,106.0,1,1,1,True,True,Real
"

Léo Magalhães comprou direitos autorais da música Caneta Azul por R$ 700 mil #boato 
",entretenimento,2019-10-30,74.0,0,0,0,True,True,Fake
o primeiro-ministro luxemburgo chegar umar festa galar o maridar vestir,mundo,2020-09-10,31.0,0,0,0,True,True,Fake
Defensoria pede ao STJ saída urgente de Sérgio Camargo do comando da Fundação Palmares,política,2020-06-04,89.0,1,1,1,True,True,Real
"

Traficantes da Venezuela matam casal que reclamou de comida distribuída pelo governo #boato 
",mundo,2021-07-11,107.0,0,0,0,True,True,Fake
"Alvo da Justiça, ex-governador Ricardo Coutinho não pode sair à noite  ",política,2020-09-19,122.0,1,1,1,True,True,Real
"Investimento em vacina é mais barato que prorrogar auxílio, diz presidente do BC  ",saúde,2020-12-15,81.0,1,1,1,True,True,Real
"
  O experimento com um kiwi não prova que testes de antígenos são inválidos",saúde,2021-01-18,83.0,0,0,0,True,True,Fake
capar revisto charlie hebdo mostrar o stf brasileiro considerar lula santo,política,2019-11-16,22.0,0,0,0,True,True,Fake
"Trump deixa Casa Branca de helicóptero e se despede dizendo ""até breve""  ",saúde,2021-01-20,63.0,1,1,1,True,True,Real
Conselho quer saber por que Jairinho ligou para Castro após morte de Henry  ,política,2021-05-25,82.0,1,1,1,True,True,Real
Construtora Odebrecht busca sócio e novas obras para se reerguer  ,política,2021-03-18,126.0,1,1,1,True,True,Real
o igreja universal vender álcool ungir gel r$,entretenimento,2020-03-16,36.0,0,0,0,True,True,Fake
"

Xvideos anuncia no Twitter @Xv que sairá do ar no Brasil em setembro #boato 
",entretenimento,,16.0,0,0,0,True,True,Fake
Não há previsão de que o Brasil terá calor de 55°C na semana que vem  ,entretenimento,2019-01-17,45.0,0,0,0,True,True,Fake
Um dia com Collor: senador promove sorteio nas redes sociais para passeio em Brasília e café na Casa da Dinda,brasil,,134.0,1,1,1,True,True,Real
Bolsonaro pode ser chamado de genocida?  ,política,2021-03-18,200.0,1,1,1,True,True,Real
"

Bauducco abre vagas para temporada de final do ano em site no WhatsApp #boato 
",entretenimento,2019-11-14,62.0,0,0,0,True,True,Fake
"São Paulo tem ocupação de 56% em UTI e 60% em enfermarias, diz Bruno Covas  ",saúde,2020-04-13,106.0,1,1,1,True,True,Real
Homem foi preso por crime militar e não por criticar compra de ventiladores  ,brasil,2020-06-23,104.0,0,0,0,True,True,Fake
"

Sérgio Moro, ex-ministro da Justiça, é filiado ao PSDB há 21 anos (desde 1999) #boato 
",política,2020-04-27,79.0,0,0,0,True,True,Fake
Secretário de SP vê capital longe de relaxar isolamento: 'de forma nenhuma'  ,saúde,2020-04-23,101.0,1,1,1,True,True,Real
"Brasil, o país dividido entre quem manda e quem obedece  ",política,2020-07-20,85.0,1,1,1,True,True,Real
"As notícias falsas em torno do incêndio da catedral de Notre-Dame, em Paris  ",mundo,2019-04-16,109.0,0,1,1,False,False,Fake
Diretor do Sírio Libanês defende uso obrigatório de máscara: 'Protege vida'  ,saúde,2020-04-27,76.0,1,1,1,True,True,Real
verdade surgir umar epidemiar o ano século,saúde,2020-02-12,16.0,0,0,0,True,True,Fake
vídeo mostrar menino pendurar pelar cabeça verdade,saúde,2019-01-16,22.0,0,0,0,True,True,Fake
Estoques de três medicamentos para intubação de pacientes se esgotam no DF  ,saúde,2021-03-24,67.0,1,1,1,True,True,Real
"

Coca-Cola que testa positivo para Covid-19 mostra como testes são falsos #boato 
",saúde,2020-12-18,69.0,0,1,1,False,False,Fake
O UNICEF sugeriu que a pornografia pode ser positiva para crianças?,entretenimento,,32.0,0,0,0,True,True,Fake
Brasil segue na contramão do mundo e tem maior alta nos óbitos por covid  ,política,2021-03-07,74.0,1,1,1,True,True,Real
Acer fala em 'situação anormal' após aparecer como vítima de vírus de resgate com cobrança de US$ 50 milhões ,política,2021-03-23,79.0,1,0,0,False,False,Real
"
  Os macacos foram gravados nadando na piscina de um complexo residencial na Índia",saúde,2020-04-22,48.0,0,0,0,True,True,Fake
Justiça torna réus manifestantes que fizeram ato contra Alexandre de Moraes em SP,política,2020-05-12,147.0,1,1,1,True,True,Real
Cidade italiana abre visitas em bunkers alemães da 2ª Guerra Mundial  ,saúde,2020-07-03,114.0,1,1,0,True,False,Real
14 x 1: STJ confirma afastamento de Witzel do governo do Rio  ,política,2020-09-02,133.0,1,1,1,True,True,Real
 Ministra Damares não cancelou pagamento a anistiados políticos  ,política,2019-03-19,104.0,0,0,0,True,True,Fake
"

Vídeo mostra cristãos enforcados pelo Talibã por ter uma Bíblia em casa #boato 
",mundo,,157.0,0,0,0,True,True,Fake
"

Amazon celebra aniversário de 30 anos e dá presentes grátis no WhatsApp #boato 
",entretenimento,2021-03-22,133.0,0,0,0,True,True,Fake
Dallagnol critica processo contra ele no CNMP e cita caso de desembargador  ,política,2020-08-17,137.0,1,1,1,True,True,Real
"Após falar que a gripe é mais perigosa que o coronavírus, Trump volta atrás  ",saúde,2020-03-31,126.0,1,1,1,True,True,Real
"

Jean Wyllys é acusado de desvio de verbas públicas pela Polícia Federal #boato 
",política,,136.0,0,0,0,True,True,Fake
Governo pede retirada de indicação de Roberto Parente para embaixada do Congo  ,política,2021-04-19,44.0,1,0,1,False,True,Real
"

Lula diz “basta colocar arroz na mesa do nordestino que ele vota em você” e que “com R$ 10 compra um baiano” #boato 
",política,2021-06-11,21.0,0,0,0,True,True,Fake
"Europa ultrapassa marca de 100 mil mortos por Covid-19, aponta universidade",ciência,2020-04-19,80.0,1,1,1,True,True,Real
É enganoso vídeo de suposto navio venezuelano despejando óleo no Nordeste  ,brasil,2019-10-17,67.0,0,0,0,True,True,Fake
Queimadas na Amazônia: “o governo não tinha ideia de quem estava atacando” | entrevista  ,política,2020-07-29,67.0,1,1,1,True,True,Real
Até Dallagnol admite: fatos da Vaza Jato são causa de nulidade de processos  ,política,2020-07-07,122.0,1,1,1,True,True,Real
"

Lula é expulso da cidade de Bagé após sair da prisão em 2019 #boato 
",política,2019-11-18,38.0,0,0,0,True,True,Fake
Covid: Brasil contará 10 mil mortes no dia em que Bolsonaro chama churrasco  ,saúde,2020-05-09,113.0,1,1,1,True,True,Real
tv uruguai revelar lula umar mansão punta del verdade,entretenimento,2019-02-12,32.0,0,0,0,True,True,Fake
Coronavírus: EUA registram 73.297 mortes e 1.219.066 casos confirmados  ,saúde,2020-05-07,84.0,1,1,1,True,True,Real
Pacientes relatam banho frio e banheiro sujo em hospital de campanha de SP  ,saúde,2020-05-14,99.0,1,1,1,True,True,Real
"
  O antiviral cubano Interferon Alfa 2B está sendo usado na China para tratar pacientes da COVID-19, mas não é uma vacina nem a cura",saúde,2020-03-20,91.0,0,0,0,True,True,Fake
Capitalização: Guedes volta à carga com o terraplanismo econômico  ,política,2020-07-15,138.0,1,1,1,True,True,Real
"

Bolsonaro acaba anunciar sua renúncia por não aguentar crise do coronavírus #boato 
",política,2020-04-01,25.0,0,1,1,False,False,Fake
"Coronavírus: 'Ansiosos para ajudar', médicos cubanos ainda aguardam convocação",ciência,2020-03-20,142.0,1,1,1,True,True,Real
É #FAKE que vídeo mostre Hospital das Clínicas de São Paulo vazio em meio a pandemia,saúde,2020-04-15,61.0,0,0,0,True,True,Fake
"Irã relata 1.501 casos de coronavírus e 66 mortes, incluindo de conselheiro  ",saúde,2020-03-02,55.0,1,1,1,True,True,Real
A visão de quem está pedalando em tempos de pandemia  ,saúde,2020-05-25,93.0,1,1,1,True,True,Real
Bolsonaro afirma que pode ser vacinado contra a covid-19: “Depois que todo mundo tomar”  ,política,2021-03-05,12.0,1,1,0,True,False,Real
Portugal estabiliza número de casos do novo coronavírus  ,saúde,2020-05-20,78.0,1,1,1,True,True,Real
"

China é a dona da Band e mandou emissora falar mal de Eduardo Bolsonaro #boato 
",entretenimento,2020-03-23,31.0,0,0,0,True,True,Fake
o ministrar sérgio morar mandar retirar o tomar presídio,política,2019-01-16,55.0,0,0,0,True,True,Fake
"

Lula planeja golpe de estado para se livrar de acusação de tráfico de drogas #boato 
",política,2020-04-08,73.0,0,1,1,False,False,Fake
É falso áudio atribuído ao general Braga Netto que pede intervenção militar,política,2020-04-22,34.0,0,0,0,True,True,Fake
"

Cadeiras de rodas para cães grátis são fabricadas e entregues por ativista #boato 
",brasil,2019-06-07,29.0,0,0,0,True,True,Fake
Veto ao perdão das dívidas de igrejas e alta do arroz: Bolsonaro contra os homens maus | Thaís Oyama  ,política,2020-09-14,51.0,1,1,1,True,True,Real
"

Argentina não existe mais porque virou a China comunista #boato 
",mundo,2020-07-25,173.0,0,0,0,True,True,Fake
É #FAKE que imagens mostrem vagas ociosas de leitos para Covid e revelem farsa em Montes Claros,saúde,2021-03-08,58.0,0,0,0,True,True,Fake
"

Monumento na Polônia mostra pessoas renascendo após o fim do comunismo #boato 
",mundo,,77.0,0,0,0,True,True,Fake
Boris Johnson ainda tem sintomas de coronavírus e continua isolado em casa  ,saúde,2020-04-02,55.0,1,1,1,True,True,Real
"Quem é Andy Jassy, que será o novo CEO da Amazon",política,2021-02-03,116.0,1,1,1,True,True,Real
Tuíte engana ao dizer que STF decidiu que voto impresso é inconstitucional  ,política,2020-09-21,85.0,0,0,1,True,False,Fake
lula o votar parir presidente o história humanidade,política,2019-11-20,23.0,0,0,0,True,True,Fake
"EUA chegam a 71 mil mortes por coronavírus, aponta balanço da Johns Hopkins  ",saúde,2020-05-06,84.0,1,1,1,True,True,Real
"Covid-19: ar fresco, a subestimada - e poderosa - arma para reduzir o contágio pelo coronavírus  ",saúde,2020-12-28,37.0,1,1,0,True,False,Real
"

Rui Costa, governador da Bahia, promove festa luxuosa de carnaval com dinheiro público #boato 
",política,,153.0,0,0,1,True,False,Fake
"

Anitta disse que admira o homem que matou Hitler em post de 2010 no Twitter #boato 
",entretenimento,2019-10-08,31.0,0,0,0,True,True,Fake
Revista 'Nature' apoia a candidatura de Biden e diz que Trump tem 'desprezo pela ciência',ciência,2020-10-14,114.0,1,1,1,True,True,Real
"
  Vídeo mostra a prisão de torcedores de futebol na Romênia, não de passageiros sem máscara em Paris",saúde,2020-11-25,61.0,0,0,0,True,True,Fake
Brasil chega a 400 mil mortos por Covid; 3.074 mortos nas últimas 24h  ,política,2021-04-29,108.0,1,1,1,True,True,Real
melhoria dia governar bolsonaro o verdade e o mentir,entretenimento,2019-01-15,32.0,0,0,0,True,True,Fake
"

Paulo Guedes estava sem sapatos (apenas de meia) durante pronunciamento de Bolsonaro #boato 
",política,,35.0,0,0,0,True,True,Fake
Governo não colocará figuras da família imperial nas notas de real  ,política,2019-07-09,84.0,0,0,0,True,True,Fake
"
  A foto em Berlim não é de “4 milhões” contra medidas por covid-19, mas de uma festa em 2003 ",saúde,,54.0,0,0,0,True,True,Fake
Enquete em site não indica quem está na frente das pesquisas eleitorais  ,política,2021-07-16,66.0,0,0,0,True,True,Fake
Carnaval de São Paulo de 2021 é adiado devido à pandemia de covid-19  ,saúde,2020-07-24,193.0,1,1,1,True,True,Real
"MP da privatização da Eletrobras virá com poder de veto da União, diz Lira  ",política,2021-02-23,65.0,1,1,1,True,True,Real
‘Tratamento precoce’ com hidroxicloroquina não evitou mortes em Porto Feliz,saúde,2020-11-27,14.0,0,0,0,True,True,Fake
"Após período de 'sumiço', Zé Gotinha participa de evento com novo ministro da Saúde",ciência,2021-03-24,136.0,1,1,1,True,True,Real
Secretário de SP vê isolamento menor e pico da covid-19 em maio na cidade  ,saúde,2020-04-17,93.0,1,1,1,True,True,Real
homem levar umar surrar bar parar cantar o músico caneta azul,entretenimento,2019-10-30,28.0,0,0,0,True,True,Fake
"

Enfermeiras de Paraty (RJ) são internadas após receberem vacina chinesa contra Covid-19 #boato 
",saúde,2021-01-23,18.0,0,0,0,True,True,Fake
bolsonaro desenvolver umar vacinar segredar pazuello o fundação fiocruz,saúde,2021-03-22,22.0,0,0,0,True,True,Fake
Redução da multa do FGTS só valerá para jovens e deverá estar em contrato  ,brasil,2019-11-14,77.0,0,0,0,True,True,Fake
"
  Nebulização com hidroxicloroquina não tem eficácia comprovada para tratamento da covid-19",brasil,2021-03-30,54.0,0,0,0,True,True,Fake
"Covid-19: 10 perguntas e respostas sobre a variante da Índia, que teve 1º caso detectado em SP",ciência,2021-05-26,82.0,1,1,1,True,True,Real
"SP tem 10 mil leitos de UTI ocupados de um total de 11,3 mil  ",saúde,2021-03-17,74.0,1,1,1,True,True,Real
"

Historiador católico falou sobre o coronavírus no livro Os Olhos da Escuridão em 1981 #boato 
",entretenimento,2020-03-17,202.0,0,0,0,True,True,Fake
Marisa doará parte dos lucros para ajudar vítimas de violência doméstica  ,saúde,2020-04-07,65.0,1,1,1,True,True,Real
Hino do futebol é cantado em hospital como motivação contra coronavírus  ,saúde,2020-03-27,84.0,1,1,1,True,True,Real
"
  Esta briga não envolve o presidente da Guiné-Bissau mas universitários, anos antes da pandemia",saúde,2020-09-25,49.0,0,0,0,True,True,Fake
É #FAKE que máscara provoca hiperventilação e intoxicação por micropartículas do material,saúde,2020-05-29,88.0,0,0,0,True,True,Fake
'Somos excluídos': prevenção ao corona 'esquece' favelas sem saneamento  ,saúde,2020-03-17,118.0,1,1,1,True,True,Real
"

Site peticaopublica.org redireciona petição para página da Avaaz contra Bolsonaro #boato 
",entretenimento,2019-11-11,53.0,0,0,0,True,True,Fake
"Países liderados por mulheres lidam melhor com a pandemia, aponta estudo  ",saúde,2020-08-18,105.0,1,1,1,True,True,Real
"

Patinador cego faz performance no gelo ao som de La Cumparsita, mostra vídeo #boato 
",entretenimento,2021-06-07,17.0,0,0,0,True,True,Fake
Terras indígenas em Rondônia não foram vendidas a empresa irlandesa  ,brasil,2019-10-01,61.0,0,1,0,False,True,Fake
o argentino lançar selo homenagem o o ex-presidente lula,política,2019-07-17,30.0,0,0,0,True,True,Fake
"
  Uma citação sobre censura atribuída a Voltaire não é de autoria do filósofo francês",brasil,,61.0,0,0,0,True,True,Fake
Um terço do que governo quer remanejar são cortes da educação  ,política,2019-08-22,82.0,0,0,0,True,True,Fake
Reforma administrativa: Bolsonaro condiciona aumento de servidores a prefeituras  ,política,2020-09-03,25.0,1,1,1,True,True,Real
Coronavírus: EUA adotam plano de ajuda suplementar de US$ 483 bilhões  ,saúde,2020-04-24,144.0,1,1,1,True,True,Real
"
  A farmacêutica Merck não disse que é mais eficaz contrair covid-19 do que se vacinar",saúde,,67.0,0,0,0,True,True,Fake
Maia ataca ACM Neto por críticas a Doria: 'Fica com os bolsonaristas'  ,política,2021-05-14,76.0,1,1,1,True,True,Real
"

Departamento de Saúde do Canadá lança boletim com dicas sobre coronavírus #boato 
",mundo,2020-01-29,129.0,0,0,1,True,False,Fake
É #FAKE que vídeo mostre chinesa com coronavírus sendo presa em mercado da Austrália após cuspir em bananas,mundo,2020-03-31,81.0,0,0,0,True,True,Fake
o gripar suíno fatal o coronavírus,saúde,2020-03-27,32.0,0,0,0,True,True,Fake
"
  Médico canadense afirma falsamente que a pandemia de covid-19 é uma “farsa”",brasil,,55.0,0,0,0,True,True,Fake
Governo troca secretário de ciência e tecnologia do Ministério da Saúde  ,saúde,2020-05-04,98.0,1,1,1,True,True,Real
Presidente do Insper vê governo preocupado em 'salvar acionistas' na crise  ,saúde,2020-05-19,115.0,1,1,1,True,True,Real
 Mourão não publicou post dizendo que começou a incomodar governo Bolsonaro  ,política,2019-02-21,72.0,0,0,0,True,True,Fake
Sergipe recebe mais 55.650 doses de vacinas covid-19,saúde,2021-04-16,114.0,1,1,1,True,True,Real
"

Detran abre inscrições para CNH Social 2020 em site no WhatsApp #boato 
",entretenimento,2019-12-14,91.0,0,0,0,True,True,Fake
Merck vai ajudar a produzir vacina contra Covid da Johnson & Johnson,saúde,2021-03-02,76.0,1,1,1,True,True,Real
Estado do Rio de Janeiro registra mais 129 mortes por covid-19  ,saúde,2020-07-31,89.0,1,1,1,True,True,Real
Primeiras 1.000 vacinas contra coronavírus entram hoje em Gaza  ,saúde,2021-02-17,58.0,1,1,1,True,True,Real
"
  Casos de mortes após vacinação não significam que imunizantes são ineficazes contra covid-19",saúde,2021-08-17,105.0,0,0,0,True,True,Fake
"""Não há o que se contestar"", diz líder de Comissão de Relações Exteriores  ",política,2020-11-06,62.0,1,1,1,True,True,Real
vídeo mostrar divergência entrar boletim urna impresso e o site tse,política,2020-11-20,39.0,0,0,0,True,True,Fake
o vídeo robô jogador boliche verdadeiro falsar,entretenimento,,33.0,0,0,0,True,True,Fake
Bastidores de gravação desmentem suposto ataque a velório no Ceará,entretenimento,2019-01-22,48.0,0,0,0,True,True,Fake
"

Governo criou programa Vote em Casa para eleições de 2020 #boato 
",entretenimento,2020-11-11,129.0,0,0,0,True,True,Fake
João Campos tenta aproximar Luciano Huck do PSB  ,política,2021-02-13,154.0,1,1,1,True,True,Real
"

Ives Gandra explica, em áudio, como fazer faixas para manifestações de 7 de setembro #boato 
",política,2021-08-26,163.0,0,0,0,True,True,Fake
"

Cantora gospel Fabiana Anastácio gravou áudio alertando sobre Covid-19 no hospital #boato 
",entretenimento,2020-06-06,126.0,0,0,0,True,True,Fake
"Brasil tem 2.347 mortes e 36.599 casos de coronavírus, diz ministério",ciência,2020-04-18,15.0,1,1,1,True,True,Real
Covid-19: Uruguai adota medidas de restrição para conter a expansão de variantes brasileiras,saúde,2021-03-24,147.0,1,1,1,True,True,Real
"Investir em saúde é solução para crise social e econômica, diz pesquisador  ",saúde,2020-05-22,190.0,1,1,1,True,True,Real
Ex-ministro usa dados imprecisos para questionar distanciamento social  ,política,2020-10-20,89.0,0,1,1,False,False,Fake
"

Defesa Civil alerta para segunda onda do ciclone “mais forte do que a primeira” #boato 
",brasil,2020-07-01,52.0,0,0,0,True,True,Fake
"EUA têm quase 2.600 mortes por covid-19 em 24h, maior número desde abril  ",saúde,2020-12-01,41.0,1,1,1,True,True,Real
"

Vídeo prova que o papa Francisco é a besta do Apocalipse #boato 
",entretenimento,,86.0,0,0,0,True,True,Fake
É #FAKE print que mostra Telegram admitindo alteração de textos de mensagens por hackers ,entretenimento,2019-06-13,64.0,0,0,0,True,True,Fake
"'Tradutor' do coronavírus: covid-19, achatar a curva, lockdown, R0, isolamento de grupo e outros termos para entender pandemia  ",saúde,2020-05-28,27.0,1,1,1,True,True,Real
"

Papa Francisco visitará o Brasil e a Congregação Cristã (CCB) em 2020 #boato 
",entretenimento,,160.0,0,0,0,True,True,Fake
"Meio ambiente: Bolsonaro ignora queimadas e diz que país está ""de parabéns""  ",política,2020-09-17,83.0,1,1,1,True,True,Real
CPI da Covid: o que investigação quer saber com depoimento de Wajngarten  ,política,2021-05-12,52.0,1,1,1,True,True,Real
Latam cortará 95% de seus voos em abril  ,saúde,2020-04-02,39.0,1,1,1,True,True,Real
"Apagão faz TSE adiar eleições em Macapá, que está há 9 dias sem energia   ",política,2020-11-12,85.0,1,1,1,True,True,Real
UOL Confere: manifestação de 2016 na Câmara é usada em mensagem falsa,política,2019-11-14,12.0,0,0,0,True,True,Fake
"Se não respondermos, Bolsonaro não vai parar, diz professor sobre protestos  ",política,2021-05-26,82.0,1,1,1,True,True,Real
Banco Mundial confirma recebimento de indicação e diz que mandato de Weintraub termina em outubro,política,2020-06-19,132.0,1,0,1,False,True,Real
"São Paulo tem 136 casos oficiais de coronavírus, 71 a mais que sábado  ",saúde,2020-03-15,83.0,1,1,1,True,True,Real
Brasil se aproxima dos 5 milhões de casos de coronavírus  ,saúde,2020-10-05,157.0,1,1,1,True,True,Real
É falso que Brasil tenha se tornado o maior exportador do mundo; país ocupa 26ª colocação,política,2019-11-21,21.0,0,1,0,False,True,Fake
"Agência europeia alerta que novas variantes de ""alto"" risco do coronavírus causarão mais mortes  ",saúde,2020-12-29,61.0,1,1,1,True,True,Real
"

Flor Mahameru (Arya) do Himalaia só floresce a cada 400 anos foi encontrada #boato 
",ciência,2019-09-21,40.0,0,0,0,True,True,Fake
O É DA COISA - Bolsonaro e os empresários: quem quer conversar não ameaça  ,política,2021-04-06,17.0,1,0,0,False,False,Real
Melbourne ordena fechamento de comércios não essenciais para frear a pandemia  ,saúde,2020-08-03,58.0,1,1,1,True,True,Real
Será que Bolsonaro quer a agenda liberal de seu 'posto Ipiranga'?,política,2020-08-12,73.0,1,1,1,True,True,Real
Justiça francesa condena russo a cinco anos de prisão por lavagem de dinheiro de vírus de resgate ,política,2020-12-08,100.0,1,1,1,True,True,Real
bolsonaro pobre o brasil servir parir votar,política,2020-10-23,16.0,0,0,0,True,True,Fake
"

Comercial do Banco do Brasil vetado por Bolsonaro custou R$ 17 milhões #boato 
",política,2019-05-06,85.0,0,0,0,True,True,Fake
É #FAKE que estudo espanhol com 60 mil pessoas atestou ineficácia do isolamento social para conter o coronavírus,mundo,2020-05-25,70.0,0,0,0,True,True,Fake
Senado aprova MP que dá mais 1 ano para cinemas se adaptarem a pessoas com deficiência,política,2020-05-28,67.0,1,1,1,True,True,Real
"

Anthony Wong foi envenenado pela China por ser contra a vacina #boato 
",saúde,2021-01-18,56.0,0,0,0,True,True,Fake
"Brasil supera 363 mil casos de coronavirus e 22,6 mil óbitos  ",saúde,2020-05-24,96.0,1,1,1,True,True,Real
"Respiração, meditação e até cristais: dicas para ter o foco no home office  ",saúde,2020-04-23,188.0,1,1,1,True,True,Real
"Otimista, diretor de 'Jurassic World: Dominion"" já tem cenas adiantadas  ",saúde,2020-07-07,70.0,1,1,1,True,True,Real
Veja o que é #FATO ou #FAKE nas declarações dos candidatos à Prefeitura do Rio na 2ª semana de campanha do 2º turno,política,2020-11-27,55.0,0,0,0,True,True,Fake
Telemedicina em favelas facilita atendimento a moradores durante pandemia   ,saúde,2020-07-20,135.0,1,1,1,True,True,Real
Grupo leva ao Planalto banner com pergunta que irritou Bolsonaro  ,política,2020-08-27,111.0,1,1,1,True,True,Real
Irmãs alemãs inventam jogo de tabuleiro do coronavírus e fazem sucesso no Natal  ,saúde,2020-12-22,60.0,1,1,1,True,True,Real
Não podemos decretar o fim da pandemia só porque estamos fartos dela  ,saúde,2020-08-15,75.0,1,1,1,True,True,Real
Cidade do Rio não tem mais UTI para pacientes da covid-19 na rede estadual  ,saúde,2020-04-24,87.0,1,1,1,True,True,Real
Irmãos Weintraub dizem ter sido infectados por 'cepa agressiva' da covid-19  ,política,2021-06-05,61.0,1,1,0,True,False,Real
É #FAKE que Marcelo Crivella tenha ultrapassado Eduardo Paes em pesquisa eleitoral ,política,2020-11-29,73.0,0,0,0,True,True,Fake
É #FAKE imagem que mostra crianças famintas observando a ativista Greta Thunberg fazer refeição em trem,mundo,2019-09-25,99.0,0,0,0,True,True,Fake
"

Papa pede orações e revela que guerras no Oriente Médio e Crimeia vão se espalhar para o mundo #boato 
",entretenimento,2020-01-06,115.0,0,0,0,True,True,Fake
"Hospital de campanha do Pacaembu será encerrado dia 30, dizem profissionais  ",saúde,2020-06-22,86.0,1,1,1,True,True,Real
"'Estamos esperando a boa vontade da Anvisa', diz Rui Costa sobre Sputnik V  ",saúde,2021-05-04,91.0,1,1,1,True,True,Real
Médica usa informações falsas em vídeo para falar em cura da covid-19  ,saúde,2020-07-29,133.0,1,0,0,False,False,Real
União Química se baseia em aprovações pelo mundo para Sputnik ser liberada  ,saúde,2021-01-21,93.0,1,1,1,True,True,Real
É #FAKE que atual presidente da UNE está cursando ciências sociais há 15 anos,política,2019-12-05,58.0,0,0,0,True,True,Fake
"

Cesar Tralli é flagrado sem máscara andando de patins durante a pandemia #boato 
",entretenimento,,30.0,0,0,0,True,True,Fake
o simpsons prever o vitória joe biden o eleição,entretenimento,,21.0,0,0,0,True,True,Fake
Autor lamenta uso de música em vídeo com Mario Frias: 'Não apoio sua visão'  ,política,2020-09-07,69.0,1,0,0,False,False,Real
Vídeo engana ao comparar dois trechos diferentes da Transamazônica para elogiar governo Bolsonaro,política,2021-02-15,29.0,0,0,0,True,True,Fake
"Hospital do Piauí não ""zerou"" pacientes com Covid-19 após uso de cloroquina  ",saúde,2020-05-14,65.0,0,0,0,True,True,Fake
"
  O teste para COVID-19 não afeta a barreira hematoencefálica, garantem especialistas",saúde,2020-07-12,95.0,0,0,0,True,True,Fake
"

Professora Vitória Donda, do PSOL, usa cocaína durante protesto da educação no Rio #boato 
",política,2019-09-07,55.0,0,0,0,True,True,Fake
Ibope: Abílio Jr. e Emanuel estão em empate técnico na liderança em Cuiabá  ,política,2020-10-30,54.0,1,1,1,True,True,Real
Projeto Abigail! Esse aterrorizante projeto da Área 51 realmente existiu?,entretenimento,2019-05-23,63.0,0,1,0,False,True,Fake
É #FAKE que vídeo mostre furacão Dorian sobre Miami Beach,mundo,2019-09-05,50.0,0,0,0,True,True,Fake
"
  Aumento repentino de votos pró-Biden em Michigan foi um erro humano depois corrigido",política,,74.0,0,0,0,True,True,Fake
"

João Doria tomou a vacina da Pfizer e se negou a tomar Coronavac #boato 
",política,2021-05-12,30.0,0,0,0,True,True,Fake
"

Documento da Nasa revela que Nibiru vai se chocar com a Terra e acabar com a raça humana #boato 
",ciência,,84.0,0,0,0,True,True,Fake
Kassio Marques já tem apoio de maioria na Comissão do Senado  ,política,2020-10-09,134.0,1,1,1,True,True,Real
"

Lewis Hamilton assume namoro com Adrian Sutil e declara que é gay #boato 
",entretenimento,2020-10-30,65.0,0,0,0,True,True,Fake
Pai de presidente da OAB foi vítima da ditadura e não de companheiros  ,brasil,2019-08-01,77.0,0,0,0,True,True,Fake
Moderna diz que dose de reforço da vacina melhora proteção contra variantes  ,saúde,2021-05-05,78.0,1,1,1,True,True,Real
"

Brasileiro inventou um carro movido a água que faz 1.000 km com um litro #boato 
",ciência,2020-01-02,29.0,0,0,0,True,True,Fake
"

Secretário de Saúde de Minas Gerais escreve mensagem “Chegamos ao Pico” #boato 
",saúde,2021-01-08,132.0,0,0,0,True,True,Fake
Novo estudo comprova a 'boiada' de Salles na área ambiental,brasil,,298.0,1,1,1,True,True,Real
Três laboratórios anunciam que não devem vender vacinas a preço de custo  ,saúde,2020-07-22,92.0,1,1,1,True,True,Real
"

Ursal (União das Repúblicas Socialistas da América Latina) vai implantar o comunismo no Brasil #boato 
",política,2021-04-30,29.0,0,0,0,True,True,Fake
México registra primeiro caso da variante indiana da Covid-19,saúde,2021-05-02,65.0,1,1,1,True,True,Real
"Zumbis, canibais e mortes inventadas: as 10 fakes mais bizarras da pandemia  ",saúde,2020-09-01,178.0,1,0,0,False,False,Real
armar energia dirigir o iraque e causar o megaexplosão beirute,mundo,,39.0,0,0,0,True,True,Fake
"

Mãe e irmã de Adélio trabalhavam no gabinete de Maria do Rosário #boato 
",política,2019-01-27,42.0,0,0,0,True,True,Fake
"

Brahma dá chopeira grátis na promoção Natal Premiado no WhatsApp #boato 
",entretenimento,2020-12-05,88.0,0,0,0,True,True,Fake
Indígenas marcham em defesa de seu líder Yaku Pérez no Equador  ,saúde,2021-02-11,77.0,1,1,1,True,True,Real
"

Ministra Damares Alves grava áudio com visão de Deus sobre o Brasil após receber homenagem em Belo Horizonte #boato 
",entretenimento,,43.0,0,0,0,True,True,Fake
"Brasileiro recebe vacina Sputnik V na Rússia: ""Tenho total confiança""  ",saúde,2021-01-14,86.0,1,1,1,True,True,Real
Josias: 'Capitã Cloroquina é versão de saia do presidente Bolsonaro'  ,política,2021-05-25,80.0,1,1,1,True,True,Real
Dortmund liberará jogadores com medo de atuar por causa do novo coronavírus  ,saúde,2020-05-15,74.0,1,1,1,True,True,Real
Oyama: Colapso da saúde em Manaus faz Pazuello gaguejar na CPI  ,política,2021-05-19,87.0,1,1,1,True,True,Real
fake nóis – o nióbio o salvação brasil,política,2019-08-14,6.0,0,0,0,True,True,Fake
Câmara rejeita mais um requerimento para tirar PEC da imunidade de pauta  ,política,2021-02-26,55.0,1,1,0,True,False,Real
Número de curados do coronavírus ultrapassa os casos ativos no Brasil,saúde,2020-06-17,116.0,1,1,1,True,True,Real
"

Borracheiro morreu em acidente com pneu, mas foi diagnosticado com Covid-19 para inflar estatísticas do coronavírus #boato 
",saúde,2020-03-29,137.0,0,0,1,True,False,Fake
É #FAKE que rede de lojas Renner anunciou fechamento definitivo de lojas e demissão em massa de funcionários em meio a pandemia,entretenimento,2020-04-21,77.0,0,1,0,False,True,Fake
"

Abono de R$ 1.023 está disponível em site só até reforma da Previdência em março #boato 
",entretenimento,2019-02-26,30.0,0,0,0,True,True,Fake
"Filha de Lula é assessora no Senado, mas não ganha R$ 58 mil por mês  ",política,2019-12-28,45.0,0,0,0,True,True,Fake
UFC Vegas 19: Corner de lutador tem covid-19 e duelo é retirado  ,saúde,2021-02-20,112.0,1,1,1,True,True,Real
"Uefa e federações ""liberam"" datas de seleções em junho para concluir ligas  ",saúde,2020-04-01,63.0,1,1,1,True,True,Real
Veja o que é #FATO ou #FAKE sobre o conflito na Venezuela,mundo,2019-04-30,46.0,0,0,0,True,True,Fake
"

Tratamento com azitromicina, ivermectina, Annita e vitamina C sem ida ao hospital é o recomendado contra Covid-19 #boato 
",saúde,2020-08-10,325.0,0,0,0,True,True,Fake
É enganoso que fábricas estejam fechando filiais na Argentina para vir ao Brasil,política,2019-11-08,12.0,0,0,0,True,True,Fake
"

Divaldo Franco divulga mensagem urgente e diz que Brasil corre risco #boato 
",entretenimento,2020-05-04,236.0,0,0,0,True,True,Fake
"Bianca Santana: ""Negros e negras sobrevivem ao fim do mundo todos os dias""  ",saúde,2020-04-22,170.0,1,1,1,True,True,Real
"Reeleição de Bolsonaro depende do auxílio emergencial virar ""Talkey Brasil""  ",política,2020-09-15,131.0,1,1,1,True,True,Real
"Bolsonaro até tenta mudar de assunto, mas esqueletos se agitam no armário  ",política,2020-07-09,180.0,1,1,1,True,True,Real
Políticos atacam Bolsonaro por recorde de mortes: E daí? Ele não é coveiro  ,política,2021-04-06,63.0,1,1,1,True,True,Real
Guedes repete que governo não subirá impostos para controlar déficit fiscal  ,política,2021-05-27,97.0,1,1,1,True,True,Real
chico xavier prever dia julho o datar limitar parir o humanidade,entretenimento,,66.0,0,0,0,True,True,Fake
Veja o que é #FATO ou #FAKE nas declarações dos candidatos à Prefeitura de SP na 4ª semana de campanha,política,2020-10-24,57.0,0,0,0,True,True,Fake
"Ao falar de covid-19, Bolsonaro volta a usar dados sem comprovação  ",saúde,2020-07-08,42.0,0,1,1,False,False,Fake
É #FAKE que Joe Biden dormiu durante entrevista ao vivo na TV,mundo,2020-09-03,94.0,0,0,0,True,True,Fake
"

Lobisomem foi capturado pela polícia em Salvador ou no Rio de Janeiro, mostra vídeo #boato 
",brasil,,35.0,0,0,0,True,True,Fake
"Com maior uso da internet durante pandemia, número de reclamações aumenta; especialistas apontam problemas mais comuns",política,2020-06-11,186.0,1,1,1,True,True,Real
Voluntários em testes começam a descobrir se tomaram placebo ou Coronavac  ,saúde,2021-01-22,240.0,1,1,1,True,True,Real
Invasão ao WhatsApp: alteração de PIN protege a conta? Acesso ao WhatsApp Web é espionagem? Tire suas dúvidas,política,2020-06-04,90.0,1,0,0,False,False,Real
É #FAKE que idosos com voto facultativo que não fizerem biometria terão CPF cancelado e benefícios bloqueados,entretenimento,2019-08-02,63.0,0,0,0,True,True,Fake
"

Governo do Espírito Santo anuncia abono de R$ 2.500 para servidores públicos #boato 
",política,,66.0,0,1,1,False,False,Fake
"

Menina de 13 anos morre na Alemanha por usar máscara e aspirar CO2 #boato 
",mundo,2020-09-13,59.0,0,0,0,True,True,Fake
Celso de Mello envia à PGR pedidos da oposição contra ministro Augusto Heleno,política,2020-05-28,92.0,1,1,1,True,True,Real
É #FAKE print de conversa entre Moro e Dallagnol sobre sentença de Lula,política,2019-06-10,79.0,0,0,0,True,True,Fake
Vitória de Biden barra escalada autoritária nos EUA e terá impacto global  ,política,2020-11-07,123.0,1,1,0,True,False,Real
"

Paulo Guedes diz que, se todos os presidentes fossem monitorados como Bolsonaro é, o Brasil seria um dos países mais ricos do mundo #boato 
",política,2020-08-02,28.0,0,0,0,True,True,Fake
"

Manifestantes de esquerda colocaram fogo em banco de sangue de hospital no Chile #boato 
",mundo,,59.0,0,0,0,True,True,Fake
Covid-19: Mortes diárias vão a 751 mostrando a falta que um presidente faz  ,saúde,2020-05-08,82.0,1,1,1,True,True,Real
"

Mulher de 68 anos fez 17 cirurgias para ficar como a Barbie #boato 
",mundo,2019-07-01,22.0,0,1,0,False,True,Fake
Câmara aprova projeto que endurece controle de barragens e estipula multa de até R$ 1 bilhão,política,2020-05-19,77.0,1,1,1,True,True,Real
Postagem usa vídeo de 2018 para afirmar que idosa morreu após tomar vacina,saúde,2021-02-04,26.0,0,0,0,True,True,Fake
"

General Mourão faz texto de agradecimento aos “insetos do Brasil” por 2019 #boato 
",política,2019-12-15,175.0,0,0,0,True,True,Fake
"Bolsonaro, seus filhos e o Congresso encorajaram Daniel Silveira  ",política,2021-02-18,51.0,1,1,1,True,True,Real
João Amoêdo aceita convite para ser o pré-candidato do Novo em 2022  ,política,2021-06-02,62.0,1,1,0,True,False,Real
Morre pai de Márcio Garcia por complicações da covid-19  ,saúde,2020-12-18,54.0,1,0,0,False,False,Real
Twitter desativa vídeo de campanha de Trump em homenagem a George Floyd,política,2020-06-05,75.0,1,0,0,False,False,Real
"

O Boticário dá milhares de kits da fragrância The Blend Eau de Parfum no WhatsApp #boato 
",entretenimento,,37.0,0,0,0,True,True,Fake
Artigo manipula dados de pesquisas de opinião para fazer parecer que aprovação de Bolsonaro cresceu,política,2019-11-28,23.0,0,0,0,True,True,Fake
Cientistas criam sistema para detectar insuficiência respiratória pela voz  ,saúde,2020-06-22,120.0,1,1,1,True,True,Real
França se aproxima de 20.000 mortes por coronavírus  ,saúde,2020-04-19,78.0,1,1,1,True,True,Real
"
  É uma montagem o outdoor em que faculdade de direito ironiza ministros do STF",brasil,,72.0,0,0,0,True,True,Fake
"África pode ter até 300 mil mortes e 122 milhões contaminados, diz ONU   ",saúde,2020-04-17,90.0,1,1,1,True,True,Real
ouvir o participação o podcast decrépito sobrar fake news o pandemia,saúde,2021-04-15,25.0,0,0,0,True,True,Fake
Bolsonaro vai sancionar projeto que libera R$ 60 bi a estados e municípios  ,saúde,2020-05-21,44.0,1,1,1,True,True,Real
Paraíba tem mais 33 leitos de UTI Covid-19 autorizados,saúde,2021-05-06,122.0,1,1,1,True,True,Real
Kamala Harris deve atacar Trump frontalmente em discurso histórico na convenção democrata  ,saúde,2020-08-19,92.0,1,1,1,True,True,Real
"
  Estas toras não foram apreendidas em uma ação contra desmatamento ilegal, mas doadas para festa de igreja ",brasil,2020-10-16,65.0,0,0,0,True,True,Fake
"

Carlos Slim determinou que Globo pare de perseguir Bolsonaro #boato 
",política,2019-11-25,196.0,0,0,1,True,False,Fake
Doses da Janssen doadas pelos EUA ao Brasil foram aprovadas pela Anvisa  ,saúde,2021-07-07,73.0,0,0,0,True,True,Fake
"

Vacina contra Covid-19 faz imunidade do corpo diminuir e chance de infecção aumentar #boato 
",saúde,2021-04-27,140.0,0,0,0,True,True,Fake
"

Milícia fará atentados na manifestação pró-Bolsonaro do dia 26 só para culpar a esquerda #boato 
",política,2019-05-21,175.0,0,0,0,True,True,Fake
Pesquisa na Cidade do México não é capaz de provar redução de internações por covid-19 com ivermectina,saúde,2021-05-20,36.0,0,0,0,True,True,Fake
É #FAKE que número de mortes por doenças respiratórias no Ceará em 2020 é menor que em 2019,brasil,2020-05-12,57.0,0,0,0,True,True,Fake
"Atmosfera ácida e temperaturas altíssimas de Vênus podem ser o futuro da Terra, dizem astrônomos ",ciência,2020-09-18,82.0,1,0,1,False,True,Real
"

Vírus Martinelli e WhatsApp Gold vão hackear o seu celular #boato 
",entretenimento,2020-12-04,40.0,0,0,0,True,True,Fake
Panamá planeja alugar contêineres refrigerados para amenizar colapso de necrotérios  ,saúde,2021-01-12,110.0,1,1,1,True,True,Real
"

Filho do apresentador da TV Band de Belém (Pará) foi morto por causa de celular #boato 
",brasil,2019-12-07,79.0,0,0,0,True,True,Fake
É #FAKE que vídeo mostre robô militar israelense capaz de atirar com precisão sob ataque humano,mundo,2019-10-30,62.0,0,0,0,True,True,Fake
CPI da Pandemia no Senado amplia pressão sobre governo; entenda a crise em 5 pontos,brasil,,629.0,1,1,1,True,True,Real
o nasa contratar pessoa us$ parir ficar dormir,saúde,2019-04-19,31.0,0,0,0,True,True,Fake
"

Adidas está dando sapatos, camisetas e máscaras por causa de aniversário #boato 
",entretenimento,2020-12-02,81.0,0,0,0,True,True,Fake
"

Nasa afirma que queimadas na Amazônia estão abaixo da média e desmascara ambientalistas #boato 
",ciência,2019-08-23,170.0,0,0,0,True,True,Fake
Média móvel de óbitos por Covid-19 bate recorde desde o início da pandemia,saúde,,306.0,1,1,1,True,True,Real
"
  Estes artistas não “torraram 15 bilhões” com dinheiro de escolas e hospitais",brasil,2021-02-22,62.0,0,0,0,True,True,Fake
Doria anuncia que ele e mulher estão curados da covid-19  ,saúde,2020-08-21,121.0,1,1,1,True,True,Real
"Morre Casildo Maldaner, ex-governador de SC, aos 79 anos  ",política,2021-05-18,76.0,1,1,1,True,True,Real
Ministério da Saúde habilitou 3352 leitos de UTI até agora  ,saúde,2020-05-08,11.0,1,1,1,True,True,Real
Europa se torna segunda região a ter 250 mil mortes por Covid-19,saúde,2020-10-24,55.0,1,1,1,True,True,Real
Itália prorroga confinamento até 13 de abril contra coronavírus  ,saúde,2020-04-01,111.0,1,1,1,True,True,Real
Ministro do STF suspende dívidas do Amazonas com a União por conta do coronavírus,política,2020-04-01,90.0,1,1,1,True,True,Real
Por que renovação de Wellington Silva ficou para últimos dias no Fluminense  ,saúde,2020-07-24,108.0,1,1,1,True,True,Real
Veja o que é #FATO ou #FAKE nas declarações dos candidatos à Prefeitura do Rio na 6ª semana de campanha,política,2020-11-06,67.0,0,0,0,True,True,Fake
gatar aparecer foto esconder dobermans verdade,entretenimento,2019-03-24,26.0,0,0,0,True,True,Fake
"Brasil tem 29 mil novos casos e 734 novas mortes por coronavírus, diz consórcio de imprensa",saúde,,324.0,1,1,1,True,True,Real
Sinais de quando a fome que você sente é emocional,ciência,,177.0,1,0,0,False,False,Real
"

Lula e Dilma tinham US$ 150 milhões em banco na Suíça #boato 
",política,,89.0,0,0,0,True,True,Fake
São Paulo começa a vacinar idosos a partir de 70 anos em 29 de março  ,saúde,2021-03-15,69.0,1,1,1,True,True,Real
Bolsonaro: AGU vai se empenhar para que governadores cumpram decreto  ,saúde,2020-05-12,138.0,1,1,1,True,True,Real
"Brasil já aplicou ao menos uma dose de vacina em mais de 6,43 milhões, aponta consórcio de veículos de imprensa",saúde,2021-02-26,124.0,1,1,1,True,True,Real
"

Vídeo Argentina está fazendo isso, sobre Covid-19, hackeia o telefone em 10 segundos #boato 
",entretenimento,2020-04-17,32.0,0,0,0,True,True,Fake
charge criticar o trans suzy oliveira feito pelar cartunista carlos latuff,entretenimento,,34.0,0,0,0,True,True,Fake
“ vídeo secreto pentágono ” divulgar o deep web mostrar policial “ teleportando ”,entretenimento,2019-01-17,51.0,0,0,0,True,True,Fake
,saúde,2020-03-25,37.0,0,0,1,True,False,Fake
"Coronavírus pode causar 'genocídio' de povos indigenas, afirma pesquisadora  ",saúde,2020-03-25,80.0,1,1,1,True,True,Real
homem ressuscitar dia enterrar túmulo verdade,entretenimento,2019-06-26,27.0,0,0,0,True,True,Fake
"Para sobreviver à pandemia, pequenos produtores vão ao consumidor final   ",saúde,2020-06-01,100.0,1,1,1,True,True,Real
Copa América: os argumentos da Argentina para recusar a competição no país,saúde,2021-05-31,61.0,1,1,1,True,True,Real
Anvisa libera importação de 6 milhões de doses de Coronavac vindas da China  ,política,2020-10-23,75.0,1,1,1,True,True,Real
Bolsonaro recria Comitê Gestor de Desenvolvimento Sustentável do Xingu  ,política,2020-10-20,92.0,1,1,1,True,True,Real
Por que ‘constelação de satélites’ preocupa astrônomos que investigam mistérios do Universo,ciência,2019-12-29,81.0,1,1,0,True,False,Real
STF adia julgamento sobre prisão após condenação por júri popular,política,2020-04-28,78.0,1,1,1,True,True,Real
"Preso nos EUA, Bannon é mais importante para o bolsonarismo do que Olavo  ",política,2020-08-20,140.0,1,1,1,True,True,Real
Moradora de Caxias perde mãe e mais 4 parentes para a covid-19 em 2 meses  ,saúde,2020-12-15,100.0,1,1,1,True,True,Real
"Governador de SC diz não haver ""justa causa"" para pedidos de impeachment  ",política,2020-11-27,81.0,1,1,1,True,True,Real
OAB autoriza estudos logísticos para compra de vacinas contra covid  ,política,2021-04-13,88.0,1,1,1,True,True,Real
"

Trump coloca “Meu Livro de Histórias Bíblicas”, das Testemunhas de Jeová, no currículo de escolas nos EUA #boato 
",mundo,,94.0,0,0,0,True,True,Fake
É #FAKE que abrir perfume com ar-condicionado ligado provoca incêndio dentro de carro,entretenimento,2019-07-16,92.0,0,0,0,True,True,Fake
É falso que loja em SC foi pega com produtos Xiaomi contrabandeados  ,entretenimento,2020-07-04,33.0,0,0,0,True,True,Fake
É #FAKE que resultado de teste de Covid-19 saia mais rápido para os mortos que para pacientes vivos,saúde,2020-05-11,104.0,0,1,0,False,True,Fake
Damares contraria Bolsonaro e sugere home office a profissionais do sexo  ,saúde,2020-04-01,105.0,1,1,1,True,True,Real
Vacinas contra covid-19: União Europeia enfrenta lentidão na entrega de imunizantes e disputa com britânicos,saúde,2021-02-06,90.0,1,1,1,True,True,Real
"Mercados estão abastecidos e preparados para alta demanda, diz associação  ",saúde,2020-03-13,59.0,1,1,1,True,True,Real
o militar presar kg cocaína aparecer foto o o bolsonaro o marchar parir jesus,política,2019-06-28,60.0,0,0,0,True,True,Fake
"

Os Simpsons previu a chegada do coronavírus em episódio de 1993 #boato 
",entretenimento,2020-03-05,26.0,0,1,0,False,True,Fake
Rio: casal de idosos se veste de astronauta para ir à praia e viraliza  ,saúde,2020-07-09,126.0,1,1,1,True,True,Real
"
  Este perfil não é amigo de todos no Facebook: uma função impede o envio de solicitações de amizade",brasil,2020-09-11,66.0,0,0,0,True,True,Fake
Casal de bandidos numa Kombi vem se passando por funcionários da Sabesp para assaltar casas?,entretenimento,,19.0,0,0,0,True,True,Fake
China reconhece vitória de Biden e Brasil aprofunda seu isolamento  ,política,2020-11-13,135.0,1,1,1,True,True,Real
"Repasse de R$ 8,9 bilhões do governo federal ao Amazonas não foi exclusivo para combate à pandemia",saúde,2021-01-26,23.0,0,1,0,False,True,Fake
Vídeo de veículos militares tombados é retirado de contexto para desqualificar desfile da Marinha em Brasília,política,2021-08-13,23.0,0,0,0,True,True,Fake
Voto de Nunes Marques revela que Bolsonaro teme mais Lula que Moro em 2022  ,política,2021-03-23,116.0,1,1,1,True,True,Real
"

Previsão de vacinação para Covid-19 do Ministério da Saúde até 08/08 é divulgada #boato 
",saúde,2021-03-23,62.0,0,0,0,True,True,Fake
"

Justiça autorizou partilha de R$ 146 milhões de dona Marisa Letícia aos herdeiros #boato 
",política,2020-09-18,42.0,0,0,0,True,True,Fake
"'Essa é a pergunta do milhão', diz Pazuello sobre qual vacina será aplicada  ",saúde,2020-12-09,81.0,1,1,1,True,True,Real
Mutação do coronavírus: oito coisas que você precisa saber sobre a nova variante da Covid-19,ciência,,377.0,1,1,1,True,True,Real
"CPI da Covid inclui políticos experientes, ex-governadores e ex-ministro da Saúde; veja perfis",saúde,2021-04-27,80.0,1,1,1,True,True,Real
"

OMS vai recomendar oficialmente ivermectina para tratar Covid-19 #boato 
",mundo,2021-03-26,30.0,0,0,0,True,True,Fake
"

FBI e CIA descobrem que professor é espião do governo chinês no Brasil #boato 
",brasil,2020-08-08,95.0,0,0,0,True,True,Fake
Vacina contra o coronavírus será testada em humanos na Itália durante verão  ,saúde,2020-04-23,136.0,1,1,1,True,True,Real
Lojistas temem que retrocesso de Doria para a fase amarela prejudique Natal  ,política,2020-12-01,84.0,1,1,1,True,True,Real
Covid-19: as lições que Brasil pode aprender com segunda onda de casos na Europa  ,saúde,2020-10-28,61.0,1,1,1,True,True,Real
"É falso que cloroquina teria salvado 100 mil vidas no Brasil, como diz Bolsonaro",saúde,2020-08-14,20.0,0,0,0,True,True,Fake
capivara morto o tiro o lago sul distrito federal,brasil,2019-04-15,23.0,0,0,0,True,True,Fake
Líbano: Bolsonaro diz que não há brasileiros entre feridos graves e que governo oferecerá ajuda,política,2020-08-05,108.0,1,1,1,True,True,Real
Ivete Sangalo lança clipes de músicas feitas em parceria com Jão e Vitão  ,saúde,2020-05-15,109.0,1,1,1,True,True,Real
"Após vídeo, senador do PT nega saber de decisão de Fachin antes: 'Ridículo'  ",política,2021-03-09,61.0,1,1,1,True,True,Real
foto mostrar reação gravar o cobaia humano o testar o vacinar pfizer,saúde,2020-12-22,19.0,0,0,0,True,True,Fake
Covid: 54% das cidades apontam que moradores não seguem medidas sanitárias  ,saúde,2021-04-22,54.0,1,1,1,True,True,Real
"
  Imagem com dados de Detroit é de dezembro de 2019 e não tem relação com a eleição nos EUA",política,,86.0,0,0,0,True,True,Fake
"

Volkswagen vai mudar o nome para Voltswagen para se adaptar a carros elétricos #boato 
",entretenimento,,51.0,0,0,0,True,True,Fake
São Paulo supera 20 mil mortes por covid-19   ,saúde,2020-07-21,69.0,1,1,1,True,True,Real
tuítes atribuir o jeanine añez verdadeiro falso,política,2019-11-17,52.0,0,1,1,False,False,Fake
Macron garante apoio da França à OMS para acelerar vacinação global  ,saúde,2021-02-08,79.0,1,1,1,True,True,Real
Câmara do Rio rejeita novo pedido de abertura de impeachment de Crivella  ,política,2020-09-17,131.0,1,1,1,True,True,Real
"

Ministros do STF vão fugir para a Europa na semana de 7 de setembro #boato 
",política,2021-08-28,79.0,0,0,0,True,True,Fake
"

João Doria fechou o Ceasa (Ceagesp), em São Paulo #boato 
",política,2021-01-06,113.0,0,0,0,True,True,Fake
"

Vacinados não poderão viajar de avião #boato 
",saúde,2021-06-05,240.0,0,0,0,True,True,Fake
"Em vídeo, prefeitos narram colapso e pedem ajuda internacional contra covid  ",política,2021-03-29,87.0,1,1,1,True,True,Real
"No Brasil, maioria dos pacientes com hipertensão e diabetes faz acompanhamento de saúde no SUS",saúde,2020-11-18,145.0,1,1,1,True,True,Real
"

George Soros diz que Bolsonaro não ganha eleições de 2022 no Brasil #boato 
",mundo,2021-03-12,83.0,0,0,0,True,True,Fake
"

Previsão de vacinação em São Paulo acelerou e calendário até 18 anos é divulgado #boato 
",saúde,2021-05-12,74.0,0,0,0,True,True,Fake
Veja o que é #FATO ou #FAKE nas declarações da secretária Mayra Pinheiro na CPI da Covid,política,2021-05-25,40.0,0,0,0,True,True,Fake
Carlos Bolsonaro bloqueia perfis do UOL no Twitter e no Instagram  ,entretenimento,2021-06-23,52.0,0,0,0,True,True,Fake
Veja o que é #FATO ou #FAKE nas declarações dos candidatos à Prefeitura do Rio na 6ª semana de campanha,política,2020-11-06,71.0,0,0,0,True,True,Fake
"

WhatsApp mudou a configuração do grupo para “incluir todos” #boato 
",entretenimento,2021-05-19,39.0,0,0,0,True,True,Fake
Liga dos Campeões: Jogo de volta de City e Real Madrid pode sofrer mudanças  ,saúde,2020-07-25,49.0,1,1,1,True,True,Real
"

Prefeito de Cuiabá, Emanuel Pinheiro, critica governador do Piauí e defende Bolsonaro em vídeo #boato 
",política,2021-03-02,138.0,0,1,1,False,False,Fake
"Pesquisa brasileira sobre hidroxicloroquina contra coronavírus pode ter resultado em 2 semanas, diz médico  ",saúde,2020-03-25,92.0,1,1,1,True,True,Real
Autoridades pedem testes de covid-19 a torcedores do PSG que se reuniram  ,saúde,2020-08-24,156.0,1,1,1,True,True,Real
É #FAKE que mortes por pneumonia e insuficiência respiratória têm sido todas registradas como sendo Covid-19,saúde,2020-08-12,75.0,0,0,0,True,True,Fake
"
  Vídeo de Bolsonaro em aeroporto foi gravado em 2017 no Brasil, não no Equador",brasil,2021-05-28,80.0,0,0,0,True,True,Fake
"

Lula é flagrado e xingado em bar durante quarentena da Covid-19, mostra vídeo #boato 
",política,2020-09-15,42.0,0,0,0,True,True,Fake
"'Incluir repasses a governadores na CPI da Pandemia não é manobra’, diz líder do governo",brasil,,117.0,1,1,1,True,True,Real
Aplicativos para celular ajudam cegos com tarefas e desafios do dia a dia,ciência,,158.0,1,1,0,True,False,Real
Veja o que é #FATO ou #FAKE nas declarações dos candidatos à Prefeitura de SP na 1ª semana de campanha do 2º turno,política,2020-11-21,59.0,0,0,0,True,True,Fake
Bolsonaro autorizou a execução da dívida da Globo de R$ 358 milhões de impostos sonegados?,entretenimento,2019-01-12,24.0,0,0,0,True,True,Fake
É #FAKE que áudio que fala em afastar ministros do STF foi feito pelo general Braga Netto,política,2019-10-05,72.0,0,0,0,True,True,Fake
É #FAKE que máscaras têm baixa filtragem de vírus e fazem 'mais mal do que bem',ciência,2020-11-18,85.0,0,1,0,False,True,Fake
"Covid-19: Brasil, México e Venezuela são os piores em pesquisa sobre gestão da pandemia  ",saúde,2020-04-14,75.0,1,1,1,True,True,Real
Veja o que é #FATO ou #FAKE nas declarações dos candidatos à Prefeitura de SP na 6ª semana de campanha,política,2020-11-07,62.0,0,0,0,True,True,Fake
Líderes mundiais reconhecem vitória de Biden; Brasil se mantém em silêncio  ,política,2020-11-07,74.0,1,1,1,True,True,Real
"

Jogo entre Flamengo e Grêmio pela Libertadores foi anulado pelo STJD #boato 
",entretenimento,2019-11-02,41.0,0,0,0,True,True,Fake
"
  O vírus machupo não sobreviveria em um comprimido, pois não é um ambiente propício",brasil,2020-08-26,77.0,0,0,0,True,True,Fake
"

Caminhoneiros farão greve em todo Brasil no dia 29/04/2019 #boato 
",brasil,2019-04-26,24.0,0,0,0,True,True,Fake
Wikipédia lança código de conduta para combater abusos,política,2021-02-02,80.0,1,1,1,True,True,Real
É #FAKE que caças russos invadiram espaço aéreo brasileiro e que EUA enviaram navios em resposta,mundo,2018-12-19,91.0,0,0,0,True,True,Fake
"

Índia processa China no tribunal internacional e pede US$ 20 trilhões de indenização #boato 
",mundo,2020-04-14,80.0,0,0,1,True,False,Fake
Coronavírus: Hong Kong registra 1ª morte; China fecha mais duas cidades   ,saúde,2020-02-04,61.0,1,1,1,True,True,Real
Ribeiro usa debate sobre Fundeb para reconstruir diálogo com o Congresso  ,política,2020-07-16,95.0,1,1,1,True,True,Real
"

Jovem que morreu no baile funk de Paraisópolis gravou vídeo com arma na mão #boato 
",brasil,2019-12-08,72.0,0,0,0,True,True,Fake
CSN decide paralisar alto-forno em usina no RJ  ,saúde,2020-05-29,129.0,1,1,1,True,True,Real
"SUS continuaria gratuito mesmo com privatização das UBS, diz secretária  ",saúde,2020-10-28,104.0,1,1,1,True,True,Real
"

Vacinaja (vacinaja.sp.gov.br) é um site fake que aplica golpes #boato 
",entretenimento,2021-01-19,46.0,0,0,0,True,True,Fake
"

Luciano Hang cria evento de compartilhamento de prêmios no Facebook com data de aniversário #boato 
",entretenimento,2019-10-15,22.0,0,0,0,True,True,Fake
Moderna anuncia que vacina contra a Covid-19 é eficaz em crianças a partir de 12 anos,saúde,,113.0,1,1,1,True,True,Real
É #FAKE mensagem que diz que Pequim e Xangai não tiveram casos de coronavírus,mundo,2020-04-02,49.0,0,0,0,True,True,Fake
Pesquisa descobriu o 'GPS do cérebro' e abriu caminho para entender melhor o Mal de Alzheimer  ,saúde,2020-09-27,47.0,1,1,0,True,False,Real
É #FAKE que governo da Alemanha recomendou substituir tapete por pano com água sanitária para evitar a Covid-19,mundo,2020-04-06,75.0,0,0,0,True,True,Fake
"

General Heleno diz que ministro que abandona o governo Bolsonaro é um canalha frouxo #boato 
",política,2020-04-25,33.0,0,0,0,True,True,Fake
"

Senai tem vagas de emprego e está contratando pessoas sem experiência no WhatsApp #boato 
",entretenimento,2019-09-13,37.0,0,0,0,True,True,Fake
"

Michelle Bolsonaro usou sapato da bandeira do Brasil exclusivo no 7 de setembro #boato 
",política,2019-09-10,21.0,0,0,0,True,True,Fake
"
  Bolsonaro citou e-mail antigo de Fauci como prova de que máscaras não são recomendadas para todos",política,,105.0,0,0,0,True,True,Fake
Coronavírus: confira as próximas lives de música para curtir na quarentena  ,saúde,2020-04-10,130.0,1,1,1,True,True,Real
É falso que família de Ciro Gomes tenha 77 empresas de carros-pipa no Ceará e que esse tenha sido o motivo do atraso das obras da transposição,política,2020-07-07,19.0,0,0,0,True,True,Fake
Prefeito de Rio Branco demite jornalista que irritou Bolsonaro em coletiva,brasil,,204.0,1,1,1,True,True,Real
Vacina preferida de Bolsonaro tem coração chinês  ,política,2020-10-26,36.0,1,1,0,True,False,Real
Total de mortos por coronavírus passa de 645.000 no mundo  ,saúde,2020-07-26,60.0,1,1,1,True,True,Real
Receitas de resiliência dos mais velhos para enfrentar o isolamento,ciência,2020-06-07,299.0,1,1,1,True,True,Real
É #FAKE que 'barrinha colorida' em caixa de leite indique produto vencido que voltou ao mercado,entretenimento,2018-11-27,77.0,0,0,0,True,True,Fake
"Post usa notícia de 2019 para parabenizar Bolsonaro por acordo Mercosul-UE, mas negociações estão paradas",política,2021-05-13,37.0,0,0,0,True,True,Fake
Post engana ao afirmar que CDC e Fauci não acreditam na eficácia das vacinas,saúde,2021-08-10,24.0,0,0,0,True,True,Fake
É #FAKE que ministro da Saúde faz auditoria dos números de casos e mortes de Covid-19,brasil,2020-04-24,82.0,0,1,0,False,True,Fake
É falso que candidata a vereadora tenha sido presa por trocar voto por sexo  ,política,2020-11-08,77.0,1,0,0,False,False,Real
"

Associação Brasileira de Infectologia (ABI) obriga médicos a assinar termo para não receitarem “tratamento precoce” #boato 
",saúde,2021-03-22,157.0,0,0,0,True,True,Fake
É #FAKE que Senado italiano aprovou 'tratamento precoce' contra Covid-19,mundo,2021-04-16,47.0,0,0,0,True,True,Fake
Doria estende quarentena em SP e mantém Bolsonaro em isolamento vertical  ,saúde,2020-04-06,136.0,1,1,1,True,True,Real
"

Foro de São Paulo é a 3º organização terrorista mais perigosa do mundo, diz CIA #boato 
",política,,78.0,0,0,0,True,True,Fake
"

Amazônia virou área militar após publicação de decreto de Bolsonaro #boato 
",política,2019-08-25,43.0,0,0,0,True,True,Fake
"Mortes de pretos e pardos crescem mais que de brancos durante pandemia, mostram dados de cartórios  ",saúde,2020-07-13,75.0,1,1,1,True,True,Real
Trava-se ao redor da CPI briga de sujos e mal lavados da política nacional  ,política,2021-05-13,87.0,1,0,0,False,False,Real
É #FAKE que Boulos deu entrada em hospital após overdose em boate,saúde,2019-04-29,50.0,0,0,0,True,True,Fake
"

Ratinho expulsa Xuxa Meneghel da plateia de seu programa no SBT #boato 
",entretenimento,2019-12-15,136.0,0,0,1,True,False,Fake
MP pede que TCU monitore compras de vacinas contra covid pelo setor privado  ,saúde,2021-04-07,111.0,1,1,1,True,True,Real
Pazuello diz que 'erro de servidor' motivou versão de que soube antes da falta de oxigênio no AM,saúde,2021-05-20,82.0,1,1,1,True,True,Real
"MP Eleitoral quer que Pros devolva R$ 11,2 milhões aos cofres públicos  ",política,2021-05-05,82.0,1,1,1,True,True,Real
OMS diz que Covid-19 é a pior emergência global de saúde enfrentada pela entidade,saúde,2020-07-27,85.0,1,1,1,True,True,Real
É #FAKE que Ceasa de Minas Gerais vive desabastecimento em meio à pandemia do coronavírus,brasil,2020-04-01,57.0,0,0,0,True,True,Fake
"

Óleo de soja é feito de soda cáustica e foi criado como combustível #boato 
",saúde,2018-12-01,130.0,0,0,0,True,True,Fake
Postagens atribuem a Bolsonaro obra realizada em 2015 pelo governo de São Paulo,política,2021-06-09,38.0,0,0,0,True,True,Fake
"Brasil ultrapassa marca de 206 mil mortes por Covid-19, indica boletim da imprensa",saúde,,476.0,1,1,1,True,True,Real
morador revoltar jogar vereador o esgotar salvador ba,política,2019-05-31,25.0,0,0,0,True,True,Fake
"IBGE: alimentação e bebidas têm alta de 0,47%, maior pressão no IPCA-15  ",saúde,2020-06-25,88.0,1,1,1,True,True,Real
"Adesão de 50% ao isolamento social pressiona UTIs, e SP busca novos leitos  ",saúde,2020-04-16,134.0,1,1,1,True,True,Real
"

Israelenses que tomaram a vacina lotam hospitais por causa de efeitos colaterais #boato 
",mundo,2021-01-21,26.0,0,0,0,True,True,Fake
"OMS condena ""nacionalismo da vacina"" em mais recente esforço contra estoques de países  ",saúde,2020-08-18,119.0,1,1,1,True,True,Real
Software usado em urnas eletrônicas brasileiras não é o mesmo que dos EUA,política,2020-11-23,25.0,0,0,0,True,True,Fake
Relator divulga parecer preliminar de projeto sobre fake news; Senado deve votar na terça,política,2020-06-19,69.0,1,1,1,True,True,Real
"

Trump colocou marca d’água secreta em cédulas de votação nos EUA #boato 
",mundo,2020-11-06,84.0,0,0,0,True,True,Fake
Lista de vacinas da OMS para uso emergencial visa aumentar acesso em países pobres  ,saúde,2021-01-01,56.0,1,1,1,True,True,Real
Rosa exige resposta de Bolsonaro em ação de 'assédio judicial' contra mídia  ,política,2021-04-19,96.0,1,1,1,True,True,Real
Juiz manda reabrir restaurantes de BH e diz que mídia impõe 'medo e desespero'  ,saúde,2020-07-20,122.0,1,1,1,True,True,Real
"

Ursal prepara fraude nas urnas eletrônicas nas eleições de 2020 #boato 
",política,2020-09-03,170.0,0,0,0,True,True,Fake
Reforma tributária ainda não reúne consenso para voltar a tramitar e ser aprovada,política,2020-07-13,92.0,1,1,1,True,True,Real
"

Biden escolheu transexual Charlotte Clymer para ser “ministra” da Educação #boato 
",mundo,2020-12-18,45.0,0,1,0,False,True,Fake
"

Uninove oferece tratamento odontológico grátis em site no WhatsApp #boato 
",entretenimento,,69.0,0,0,0,True,True,Fake
"

Adélio Bispo está com Covid-19 e foto mostra ele sendo internado #boato 
",brasil,2020-05-01,27.0,0,0,0,True,True,Fake
TCU questiona uso da verba de combate à covid; portaria divide juristas  ,saúde,2020-07-27,178.0,1,1,1,True,True,Real
Os cheiros que podem desaparecer para sempre,ciência,2020-07-16,64.0,1,0,0,False,False,Real
"Pai da vacina brasileira, Dimas Covas enquadra tropa da cloroquina na CPI  ",política,2021-05-27,71.0,1,1,1,True,True,Real
"
  Checamos quantos litros de gasolina foi possível comprar com o salário mínimo desde 2001",brasil,,102.0,0,0,0,True,True,Fake
Brasil registra 1.301 novos óbitos e ultrapassa 105 mil mortes por covid-19  ,saúde,2020-08-13,49.0,1,1,1,True,True,Real
"
  Estas crianças não estão grávidas: elas têm doenças que fazem com que a barriga inche",saúde,,42.0,0,0,0,True,True,Fake
"
  Fotos de 2018 circulam como se fossem do dia em que apoiadores de Trump invadiram o Capitólio",política,,59.0,0,0,0,True,True,Fake
"Uber anuncia nova sede brasileira, com campus em Osasco, na Grande São Paulo",política,2021-05-31,100.0,1,1,1,True,True,Real
"

Neta de Brian May (guitarrista do Queen) faz dueto com o avô na quarentena #boato 
",entretenimento,2020-06-11,36.0,0,0,0,True,True,Fake
"
  Não há registro de uma fala de Doria sobre não permitir que não vacinados “passem corona” para vacinados",brasil,2020-12-18,73.0,0,0,0,True,True,Fake
Facebook diz que 'bug' fez com que algumas pessoas vissem imagens pornográficas em postagens e anúncios,política,2020-08-28,70.0,1,1,1,True,True,Real
"Coisa de bundão é não explicar dinheiro de Queiroz para mulher, diz Major Olimpio  ",saúde,2020-08-25,49.0,1,1,1,True,True,Real
"

Teste de anticorpos feito por médico prova que Coronavac não protege contra a Covid-19 #boato 
",saúde,2021-07-14,34.0,0,0,0,True,True,Fake
Ex-chefe de gabinete de Beto Richa e operador financeiro são condenados em processo sobre duplicação da PR-323,política,2020-01-22,79.0,1,1,1,True,True,Real
Quem são os agentes do FBI que atuaram na Lava Jato  ,política,2020-07-02,384.0,1,1,1,True,True,Real
É #FAKE que vídeo mostre baile funk e ninguém com máscara em favela do Rio após decisão do STF de proibir operações policiais,entretenimento,2020-06-10,108.0,0,0,0,True,True,Fake
"

Ministro das Finanças da Venezuela é flagrado fazendo compras nos EUA #boato 
",mundo,2021-06-22,69.0,0,0,0,True,True,Fake
"

Vacinas estão sendo aplicadas com seringas sem agulha #boato 
",saúde,2021-01-02,29.0,0,0,0,True,True,Fake
"Após STF anular sentença de Moro, juiz condena ex-gerentes da Petrobras e mais 3  ",política,2020-12-02,150.0,1,1,1,True,True,Real
"

Filha de Aldir Blanc grava vídeo alertando para coronavírus ativo um mês após a doença #boato 
",entretenimento,2020-06-14,32.0,0,0,0,True,True,Fake
Aras e Mendonça recompensam Bolsonaro antes de indicação para o Supremo  ,política,2021-04-08,70.0,1,1,1,True,True,Real
"

Áudio de Doria prova que vacina Coronavac é apenas um plano para derrubar Bolsonaro #boato 
",política,2021-04-10,41.0,0,0,0,True,True,Fake
É #FAKE que estudo da Coreia do Sul prove que quarentena é inútil para a população se proteger da Covid-19,mundo,2020-08-04,83.0,0,0,0,True,True,Fake
Cidade usada como exemplo por Bolsonaro vive 'auge' da Covid com 35 mortos  ,saúde,2020-06-13,303.0,1,1,1,True,True,Real
Chanceler erra ao dizer que satélites detectam fogueira como queimada  ,entretenimento,2019-09-13,85.0,0,1,0,False,True,Fake
FHC orienta Bolsonaro a ficar quieto ou pensar nas consequências do que diz  ,política,2020-07-05,94.0,1,1,1,True,True,Real
Veja o que é #FATO ou #FAKE nas declarações dos candidatos à Prefeitura do Rio na 2ª semana de campanha do 2º turno,política,2020-11-27,63.0,0,0,0,True,True,Fake
É falso que cabos eleitorais de Sarto transportaram urna adulterada no CE  ,entretenimento,2020-11-29,69.0,0,0,1,True,False,Fake
MPRJ pede tutela antecipada contra decreto de Witzel que reabre economia  ,saúde,2020-06-07,133.0,1,1,1,True,True,Real
Coronavírus: FMI prevê contração econômica de 3%  ,saúde,2020-04-14,20.0,1,1,0,True,False,Real
Tuíte engana ao sugerir que vacina contra a covid-19 é desnecessária,saúde,2020-10-21,15.0,0,0,0,True,True,Fake
"Mais de 4,5 milhões de casos do novo coronavírus declarados no mundo  ",saúde,2020-05-15,129.0,1,1,1,True,True,Real
Dilma desfila ao som de Beijinho no Ombro – 7 de setembro! Será?,entretenimento,,24.0,0,0,0,True,True,Fake
"

Lula vendeu exploração do solo do Brasil para o Canadá em 2008 #boato 
",política,2020-09-19,30.0,0,0,0,True,True,Fake
É #FAKE que compras de produtos chineses caíram 78% no Brasil após boicote por conta da pandemia do coronavírus,mundo,2020-08-06,98.0,0,0,0,True,True,Fake
"Turquia suspende voos do Brasil devido à variante do coronavírus, diz ministro turco",saúde,2021-01-22,101.0,1,1,1,True,True,Real
Governador da Flórida considera inapropriado aplicar quarentena por covid-19  ,saúde,2020-03-25,70.0,1,1,1,True,True,Real
Vice de Doria confirma pré-candidatura ao governo de São Paulo em 2022  ,política,2021-06-01,62.0,1,1,1,True,True,Real
Cientista não dá nem pitaco em Saúde quando quem manda é um general pançudo  ,saúde,2020-12-15,130.0,1,1,1,True,True,Real
"

Pedra do Caladão (Pedra da Boca) desmoronou hoje de manhã, mostra vídeo #boato 
",brasil,2019-02-08,36.0,0,1,0,False,True,Fake
o foto umar criança sujo e chorar o lama desastre brumadinho,entretenimento,2019-01-28,23.0,0,0,0,True,True,Fake
É #FAKE que projeto aprovado no Congresso permite invasão de domicílio para fiscalizar uso de máscara,política,2020-06-10,74.0,0,0,0,True,True,Fake
"

Parque 7D é lançado no Japão, mostra vídeo #boato 
",entretenimento,2019-03-10,13.0,0,0,0,True,True,Fake
"PL anuncia apoio a Pacheco, que amplia bloco à Presidência do Senado  ",política,2021-01-12,61.0,1,1,1,True,True,Real
É #FAKE foto que mostra Doria pichando símbolo comunista em muro,política,2020-04-14,61.0,0,0,0,True,True,Fake
É #FAKE que vídeo mostre trem no Japão a 4.800 km/h,mundo,2020-09-18,82.0,0,0,0,True,True,Fake
Reino Unido endurece confinamento em Leicester após surto de novo coronavírus,saúde,2020-06-29,79.0,1,1,1,True,True,Real
É #FAKE que PF confiscou no Paraguai fazendas de liderança do MST,política,2019-08-12,78.0,0,0,0,True,True,Fake
Lava Jato: PGR prorroga força-tarefa de Curitiba até janeiro de 2021  ,política,2020-09-09,176.0,1,1,1,True,True,Real
Coronavírus: Brasil registra 237 mortes em 24h e chega a 157.163 óbitos  ,saúde,2020-10-25,43.0,1,1,1,True,True,Real
Post de deputado apresenta dados enganosos sobre número de mortes por outras doenças na pandemia,saúde,2020-08-18,24.0,0,1,1,False,False,Fake
Itália muda critério para contar casos de coronavírus  ,saúde,2020-02-28,265.0,1,1,1,True,True,Real
"

Nunca use uma escada rolante que esteja parada e sem funcionamento #boato 
",brasil,2020-01-10,45.0,0,0,0,True,True,Fake
Veja o que é #FATO ou #FAKE nas declarações dos candidatos à Prefeitura de SP na 7ª semana de campanha,política,2020-11-13,61.0,0,0,0,True,True,Fake
"Ao contrário do que diz Bolsonaro, estudos mostram que lockdown salva vidas  ",ciência,2020-10-03,65.0,0,0,0,True,True,Fake
"

Aspirina, suco de limão e mel curam a Covid-19 e decretam o fim do coronavírus #boato 
",saúde,2020-04-24,41.0,0,0,0,True,True,Fake
"

Polícia prende oito vereadores em Rondônia após invadir sessão em 2019 #boato 
",política,2019-08-02,78.0,0,0,1,True,False,Fake
"

WhatsApp deu prejuízo de USD 1.978.456.045,00 em dois anos e será tirado do ar #boato 
",entretenimento,2019-07-04,71.0,0,0,0,True,True,Fake
o cnn e o bbc mostrar o pessoa tomar vacinar dia diferente,saúde,2020-12-11,29.0,0,0,0,True,True,Fake
Brasil já tem mais de 1.000 cidades com casos de covid-19 confirmados  ,saúde,2020-04-15,65.0,1,1,1,True,True,Real
"

Caixa bloqueou Auxílio Emergencial de 187 mil pessoas que compraram eletrônicos após receber benefício #boato 
",brasil,2020-04-30,45.0,0,0,0,True,True,Fake
Gabbardo: Estados do Norte não conseguiram se preparar antes da epidemia  ,saúde,2020-05-27,124.0,1,1,1,True,True,Real
Deputados erram informações ao debater sobre agrotóxicos na Câmara  ,brasil,2019-09-21,73.0,0,1,1,False,False,Fake
Lula e Dilma tiveram consequências menos negativas do que Bolsonaro  ,política,2021-03-16,121.0,1,1,1,True,True,Real
É #FAKE que Flávio Dino aboliu bandeira do Brasil e colocou uma vermelha no lugar no MA,política,2019-06-17,74.0,0,0,0,True,True,Fake
STF: Toffoli defende fim de regra que prolonga prazo de patentes  ,política,2021-04-29,99.0,1,1,1,True,True,Real
"Lava Jato 'ajudou a eleger o Bozo', diz procuradora a Dallagnol em diálogos  ",política,2021-03-29,43.0,1,1,1,True,True,Real
"Local de trabalho é o maior foco de transmissão da Covid-19 na França, diz especialista ",saúde,2020-08-13,89.0,1,1,1,True,True,Real
Itamaraty diz que representante do Brasil em Teerã foi convocada pelas autoridades iranianas,política,2020-01-06,96.0,1,1,1,True,True,Real
Itália fará repatriação de cidadãos da China por coronavírus  ,saúde,2020-01-29,82.0,1,1,1,True,True,Real
Nomeação de militar para a Defesa por Temer abriu brecha para atual crise  ,política,2021-04-02,70.0,1,1,1,True,True,Real
"Milícias digitais são usadas para 'grande lavagem de dinheiro', diz Alexandre de Moraes",política,2020-09-11,82.0,1,1,1,True,True,Real
"BC aponta alta de 9,47% do PIB no terceiro trimestre e saída da recessão  ",política,2020-11-13,74.0,1,1,1,True,True,Real
Bolsonaro escolhe general Paulo Sérgio para comandar Exército  ,política,2021-03-31,56.0,1,0,0,False,False,Real
"
  Não foi publicado pelo diretor-geral da PF tuíte que diz que o STF e Lula mandaram matar Bolsonaro",brasil,2021-04-20,76.0,0,0,0,True,True,Fake
"
  A comparação do Brasil aos países europeus na vacinação não considera o tamanho da população",mundo,2021-05-27,125.0,0,0,0,True,True,Fake
"

Esquerda vai disfarçar black blocks com camisetas de Bolsonaro em manifestações #boato 
",política,2021-07-18,63.0,0,0,0,True,True,Fake
Veja o que é #FATO ou #FAKE em vídeo do horário eleitoral de Crivella sobre o carnaval no Rio,política,2020-10-09,48.0,0,0,0,True,True,Fake
"No pior período da pandemia, testagem na rede pública cai no país",saúde,,578.0,1,1,1,True,True,Real
"

O Boticário dá máscaras grátis para quem compartilhar link no WhatsApp #boato 
",entretenimento,2021-03-01,77.0,0,0,0,True,True,Fake
bolsonaro inaugurar bandejão o planalto e demitir chefe francês,entretenimento,,25.0,0,0,0,True,True,Fake
"OMS: há mais de meio milhão de casos, 20 mil mortes e vacina demorará 18 meses  ",saúde,2020-03-27,54.0,1,1,1,True,True,Real
"SP: Priorizamos a linha de frente, não há vacina para todos, diz secretário  ",saúde,2021-01-19,81.0,1,1,1,True,True,Real
"

Associação Americana de Médicos (AMA) libera hidroxicloroquina para tratamento precoce contra Covid-19 #boato 
",mundo,2020-12-23,23.0,0,0,0,True,True,Fake
Veja o que é #FATO ou #FAKE nas declarações dos candidatos à Prefeitura do Rio na 1ª semana de campanha,política,2020-10-03,64.0,0,0,0,True,True,Fake
"

Bombeiro amarra menina ao corpo durante resgate em Brumadinho, mostra foto #boato 
",brasil,2019-02-12,18.0,0,0,0,True,True,Fake
Fux usou caso de André do Rap para espinafrar Mello e acalmar colegas  ,política,2020-10-14,95.0,1,1,1,True,True,Real
"

Agora (2021), OMS declara que Suécia, sem lockdown, é modelo a ser seguido #boato 
",mundo,2021-03-02,16.0,0,0,0,True,True,Fake
É #FAKE foto que mostra Manuela D'Ávila com tatuagens de Che Guevara e Lênin,política,2020-10-21,76.0,0,0,0,True,True,Fake
Aras defende abertura de templos de olho em apoio para vaga no STF  ,política,2021-03-19,143.0,1,1,1,True,True,Real
Anitta brinca com presidência e ouve 'sim' de Pabllo Vittar para Ministério  ,saúde,2020-05-14,121.0,1,1,1,True,True,Real
 Patrimônio de Jair Bolsonaro não aumentou para R$ 18 milhões em dez anos  ,política,2019-11-12,52.0,0,0,0,True,True,Fake
Coronavírus deixa 73 países sob risco de escassez de remédios para aids  ,saúde,2020-07-08,219.0,1,1,1,True,True,Real
"
  A bandeira brasileira foi projetada em uma montanha suíça em apoio no combate à COVID-19",ciência,,81.0,0,0,0,True,True,Fake
SP: Flexibilização só ocorrerá após queda de casos de forma sustentada por 15 dias  ,saúde,2020-05-08,58.0,1,1,1,True,True,Real
Rússia faz vacinação em massa em seu centro de treinamento de cosmonautas  ,saúde,2021-01-12,95.0,1,1,1,True,True,Real
Papa lembra padres mortos em meio à pandemia  ,saúde,2020-04-09,17.0,1,0,1,False,True,Real
Economistas e pesquisadores defendem no Congresso tributação de dividendos,política,2020-09-18,80.0,1,1,1,True,True,Real
"

Rombo no Fies de R$ 20 bilhões na era PT é descoberto pelo TCU #boato 
",política,2020-10-17,120.0,0,1,1,False,False,Fake
"
  O Nobel de Medicina Tasuku Honjo nega ter dito que o novo coronavírus foi “fabricado pela China”",saúde,2020-04-29,106.0,0,0,0,True,True,Fake
"

Lucas precisa de R$ 18 mil para cirurgia e WhatsApp vai doar R$ 1 por vídeo repassado #boato 
",entretenimento,2020-02-24,23.0,0,0,0,True,True,Fake
'Mulheres não precisam de preliminares': as opiniões da sexóloga que critica a pressa em busca do orgasmo feminino,ciência,2020-10-08,52.0,1,0,0,False,False,Real
STJ concede prisão domiciliar ao doleiro Dario Messer  ,saúde,2020-04-07,127.0,1,1,1,True,True,Real
"

Comício de Lula nos Arcos da Lapa (Rio) não tinha ninguém, mostra vídeo #boato 
",política,2019-12-24,54.0,0,0,0,True,True,Fake
"

Trump faz oração para saúde de Bolsonaro, mostra vídeo #boato 
",mundo,2019-09-02,20.0,0,0,0,True,True,Fake
Texto engana ao dizer que pandemia declina após zerar excesso de mortes  ,saúde,2020-07-23,53.0,0,0,1,True,False,Fake
Vacinação contra covid-19 começará na segunda-feira no Canadá  ,saúde,2020-12-11,96.0,1,1,1,True,True,Real
"Distrito Federal recebe mais 46,5 mil doses de vacinas covid-19",saúde,2021-04-22,74.0,1,1,1,True,True,Real
Salvador muda cronograma de vacinação para evitar que doses acabem  ,saúde,2021-02-11,55.0,1,1,1,True,True,Real
"

Aplicativo de delivery iFood processa garota de programa de Salvador #boato 
",entretenimento,,23.0,0,1,0,False,True,Fake
universo paralelo resolver o mistério homem taured,entretenimento,,43.0,0,0,0,True,True,Fake
Tasso Jereissati admite que gostaria de ser o 'Biden brasileiro'  ,política,2021-04-25,196.0,1,1,1,True,True,Real
Itamaraty irá manter lealdade a Trump até o final do processo  ,política,2020-11-05,105.0,1,1,1,True,True,Real
O É DA COISA: É preciso combater frentes do colapso da legalidade no país  ,política,2020-09-04,5.0,1,0,0,False,False,Real
"

Curso para professores no DF tem Freixo criticando Bolsonaro #boato 
",política,2020-02-20,107.0,0,0,0,True,True,Fake
"Conheça a ECMO, aparelho que funciona como coração e pulmão artificiais  ",saúde,2020-06-17,97.0,1,1,1,True,True,Real
"

Bolsonaro ordenou o fechamento do Inmetro com uma canetada #boato 
",política,,46.0,0,0,0,True,True,Fake
"Rombo das contas públicas em 2020 deve ser superior a R$ 350 bi, diz Mansueto  ",saúde,2020-03-30,93.0,1,1,1,True,True,Real
Presidente da liga espanhola quer recomeçar campeonato no dia 11 de junho  ,saúde,2020-05-26,141.0,1,1,1,True,True,Real
o simpsons prever o meme dançar caixão,entretenimento,2020-04-21,29.0,0,0,0,True,True,Fake
"
  Desinformação sobre as supostas medidas de Trump contra Bill Gates, 5G, vacinas e covid-19",saúde,2020-12-16,53.0,0,0,0,True,True,Fake
"

Todos animais que receberam vacina mRNA em estudo morreram após reinfecção #boato 
",saúde,2021-02-13,57.0,0,0,0,True,True,Fake
É enganoso que imunogenicidade da CoronaVac ofereça risco; Anvisa pediu dados complementares e não questionou segurança,saúde,2021-01-22,23.0,0,0,0,True,True,Fake
Deputados chamam Teich para explicar estratégia de combate ao coronavírus  ,saúde,2020-04-22,105.0,1,1,1,True,True,Real
Primeira morte ligada ao coronavírus fora da Ásia é confirmada na França,ciência,2020-02-15,72.0,1,1,1,True,True,Real
Metrô de Londres amanhece cheio após anúncio de relaxamento do isolamento   ,saúde,2020-05-11,103.0,1,1,1,True,True,Real
estranho criatura flagrar umar árvore o nicarágua seriar demônio,entretenimento,,33.0,0,0,0,True,True,Fake
"
  Estes médicos não protestavam contra um “golpe” da COVID-19, mas defendiam os hospitais públicos na França",saúde,2020-07-15,63.0,0,0,0,True,True,Fake
Técnicos do Senado avaliam que CPI não pode investigar estados e municípios  ,política,2021-04-13,61.0,1,1,1,True,True,Real
Butantan pretende dobrar produção da CoronaVac em maio  ,saúde,2021-01-08,84.0,1,1,1,True,True,Real
"No 1º de abril, seis dicas para identificar mensagens falsas em meio à pandemia do coronavírus",saúde,2020-04-01,58.0,0,0,0,True,True,Fake
"

Beneficiários do Bolsa Família ganharão R$ 470 por causa do coronavírus em site no WhatsApp #boato 
",entretenimento,2020-03-16,86.0,0,0,0,True,True,Fake
"General Pujol diz que pandemia é ""uma das maiores crises vividas pelo Brasil""  ",saúde,2020-04-19,109.0,1,1,1,True,True,Real
"Pandemia ainda é grave no Brasil, apesar de sinais de estabilização, alerta OMS",ciência,2020-06-17,68.0,1,1,1,True,True,Real
Covas diz que vice precisa se explicar: violência doméstica é inaceitável  ,política,2020-10-16,79.0,1,1,1,True,True,Real
Bolsonaro omite dados sobre Covaxin e usa distorções para atacar CoronaVac  ,ciência,2021-06-24,105.0,0,0,1,True,False,Fake
Pesquisas da Nasa apontam ar menos poluído durante pandemia do coronavírus  ,saúde,2020-04-29,102.0,1,1,1,True,True,Real
"

Média de mortes por dia por coronavírus é 283 e prova que há uma “histeria coletiva” #boato 
",saúde,2020-12-06,137.0,0,0,1,True,False,Fake
Estudo compartilhado por Damares não atribui suicídios de crianças a isolamento na pandemia,saúde,2021-07-22,28.0,0,0,0,True,True,Fake
Covid-19: país perde quase cem brasileiros por hora no auge da pandemia,saúde,,425.0,1,1,1,True,True,Real
Post distorce entrevista para sugerir que médico Roberto Kalil Filho apoia uso amplo da cloroquina,saúde,2021-05-12,80.0,0,0,0,True,True,Fake
verdade russo umar árvore crescer pulmão,entretenimento,2020-08-26,3.0,0,0,0,True,True,Fake
"

Seguro DPVAT pode ser pago com desconto somente até hoje #boato 
",brasil,2019-01-02,37.0,0,0,0,True,True,Fake
"

“Argentina está fazendo isso” é um vídeo que desliga o telefone em 10 segundos, diz CNN #boato 
",entretenimento,2020-07-19,31.0,0,0,0,True,True,Fake
"

Lojas Renner faz promoção falsa na Black Friday usando etiqueta amarela #boato 
",brasil,2019-11-29,22.0,0,0,0,True,True,Fake
"'The Walking Dead': Em pôsteres, personagens mandam população usar máscaras  ",saúde,2020-07-10,121.0,1,1,0,True,False,Real
Bolsonaro defende uso de medicamentos sem necessidade de seguir a bula  ,saúde,2020-07-20,134.0,1,1,1,True,True,Real
MEC homologa resolução que libera ensino remoto enquanto durarem restrições sanitárias da pandemia,saúde,,346.0,1,1,1,True,True,Real
Governo Federal se reúne com representantes das indústrias de medicamentos para soluções emergenciais,saúde,2021-03-22,77.0,1,1,1,True,True,Real
Homem reencontra pai após 30 anos no litoral de SP ao envelhecer foto em aplicativo,política,2021-05-17,157.0,1,0,0,False,False,Real
Imagem de matança de baleias não foi capturada na Noruega  ,mundo,2019-08-21,69.0,0,0,0,True,True,Fake
"Novo tratamento experimental contra a Covid-19 reduz carga viral em 99,9% em testes com animais",saúde,,164.0,1,1,1,True,True,Real
Novos casos de coronavírus voltam a patamares de dois meses atrás nos EUA  ,saúde,2020-06-24,82.0,1,1,1,True,True,Real
"Luciano Hang, dono das lojas Havan, ganha 'carona' em moto com Bolsonaro  ",política,2021-05-07,64.0,1,1,1,True,True,Real
"

Chá de folhas de abacate com hortelã cura e previne o coronavírus #boato 
",saúde,2020-02-10,131.0,0,0,0,True,True,Fake
"

Lula é vaiado e chamado de ladrão na chegada a Recife em 2019 #boato 
",política,2019-11-16,79.0,0,0,0,True,True,Fake
Veja o que é #FATO ou #FAKE nas declarações dos candidatos à Prefeitura de SP na 5ª semana de campanha,política,2020-10-31,57.0,0,0,0,True,True,Fake
"Fachin nega prisão domiciliar a Geddel, mesmo com coronavírus  ",saúde,2020-03-30,87.0,1,1,1,True,True,Real
foto mostrar o vegetação invadir carrefour ficar ano fechar,entretenimento,2020-09-20,36.0,0,0,0,True,True,Fake
o foto umar menino uniformar o foto lula guiné-bissau real,política,2020-02-15,24.0,0,0,0,True,True,Fake
"K2-141b, o planeta onde chove pedra, os ventos são supersônicos e os oceanos são feitos de lava",ciência,2020-11-13,62.0,1,0,0,False,False,Real
Cidades na Austrália e na Nova Zelândia saem do lockdown após zerarem novos casos do coronavírus,saúde,2021-02-17,64.0,1,1,1,True,True,Real
"

Bibi Ferreira diz que golpe contra Dilma é machismo #boato 
",entretenimento,,8.0,0,0,0,True,True,Fake
"

Governador do Pará, Hélder Barbalho, escondeu toneladas de cloroquina em um galpão #boato 
",política,2020-05-04,20.0,0,0,0,True,True,Fake
É #FAKE que padre Fábio de Melo fez texto defendendo quem quer seguir trabalhando em tempo de isolamento social,entretenimento,2020-04-09,65.0,0,0,1,True,False,Fake
"

Triplo A está na pauta do Acordo de Paris e da COP 25, que seria no Brasil #boato 
",política,2018-12-03,126.0,0,1,1,False,False,Fake
PTB lança pré-candidatura de Marcos da Costa à Prefeitura de São Paulo  ,política,2020-07-28,88.0,1,1,1,True,True,Real
"Resultado do fim da quarentena na Europa chegará em duas semanas, advertem autoridades  ",saúde,2020-05-17,219.0,1,1,1,True,True,Real
"
  A vacinação obrigatória contra a covid-19 no Brasil é prevista enquanto estiver vigente o estado de calamidade pública",brasil,2020-10-22,79.0,0,0,0,True,True,Fake
É #FAKE que vacina canina mostrada em vídeo se destine ao novo coronavírus humano,saúde,2020-03-19,99.0,0,0,0,True,True,Fake
"
  Apesar de terem origem distintas, nenhuma destas palavras surgiu como um acrônimo",brasil,2020-07-20,112.0,0,0,0,True,True,Fake
É #FAKE que foto mostre governador do Rio de Janeiro furando a quarentena para passear em Angra dos Reis,política,2020-05-25,78.0,0,0,0,True,True,Fake
Governo quer que plataforma de venda online seja responsável por recolher eventual novo imposto,política,2020-07-21,179.0,1,1,1,True,True,Real
Estudo da Henry Ford Health System não prova eficácia da cloroquina  ,ciência,2020-07-23,61.0,0,0,0,True,True,Fake
vídeo o verdade sobrar foto pessoa máscara pandemia gripar espanholar,saúde,2020-07-19,21.0,0,0,0,True,True,Fake
É #FAKE carta com logo da ONU que prevê um só governo mundial e destruição das famílias,política,2020-07-02,63.0,0,0,0,True,True,Fake
Veja o que é #FATO ou #FAKE nas declarações dos candidatos à Prefeitura do Rio na 2ª semana de campanha do 2º turno,política,2020-11-27,59.0,0,0,0,True,True,Fake
IRB Brasil doa R$ 1 milhão à Fiocruz para pesquisa contra a covid-19  ,saúde,2020-04-29,84.0,1,1,1,True,True,Real
Veja o que é #FATO ou #FAKE sobre as queimadas na Amazônia,brasil,2019-08-22,51.0,0,0,0,True,True,Fake
"Cuidado! Coronavírus vive até 7 dias em temperatura ambiente, mostra estudo  ",saúde,2020-03-28,115.0,1,1,1,True,True,Real
Biden reverte ato de Trump e volta a impor restrições de viagens do Brasil  ,saúde,2021-01-25,82.0,1,1,1,True,True,Real
"

Antifa e esquerda vão colocar black blocs com a camiseta de Bolsonaro para agredir mulheres em manifestação #boato 
",política,,52.0,0,0,0,True,True,Fake
fake nóis especial o fake news sobrar o natal,entretenimento,2019-12-24,23.0,0,0,0,True,True,Fake
É mentiraaaaaaaaa!: brasileiro adapta festa junina para vida na quarentena  ,saúde,2020-06-08,59.0,1,1,1,True,True,Real
"

Brasil Sorridente tem inscrições abertas em site no WhatsApp #boato 
",entretenimento,2018-12-27,88.0,0,0,0,True,True,Fake
"

STF impediu Bolsonaro de combater a pandemia da Covid-19 no Brasil #boato 
",política,2020-08-13,47.0,0,0,0,True,True,Fake
"

Namorado de Fátima Bernardes envia projeto que libera casamento entre pais e filhos #boato 
",política,2019-12-09,18.0,0,0,0,True,True,Fake
"

Vídeo mostra casamento do filho do dono do arroz Tio João #boato 
",brasil,2020-09-14,61.0,0,0,0,True,True,Fake
"População desocupada somou 11,8 milhões na 3ª semana de junho, diz IBGE  ",saúde,2020-07-10,133.0,1,1,1,True,True,Real
Viúva de médico chinês que alertou sobre coronavírus dá à luz  ,saúde,2020-06-12,100.0,1,1,1,True,True,Real
"
  A Itália não encontrou a cura da COVID-19 e outras afirmações falsas de uma mensagem viral",saúde,2020-06-10,38.0,0,0,0,True,True,Fake
É falso que Itália tenha registrado 232 mortes de crianças pela covid-19,saúde,2020-03-25,11.0,0,0,0,True,True,Fake
"Operação da PF apura desvios no transporte escolar, Fundeb e SUS em AL  ",saúde,2020-09-03,86.0,1,1,1,True,True,Real
"Estados correm atrás de vacinas após autorização do STF, mas esbarram em escassez  ",saúde,2021-02-24,91.0,1,1,1,True,True,Real
Ministério da Saúde prorroga 16 leitos de UTI em Pernambuco,saúde,2020-12-18,109.0,1,1,1,True,True,Real
"

Carlinhos Brown xinga Olívia Santana após ser chamado de racista, mostra vídeo #boato 
",entretenimento,2020-02-12,69.0,0,0,0,True,True,Fake
Vídeo engana ao mostrar parcial de enquete sobre voto para presidente  ,política,2021-07-07,84.0,0,0,0,True,True,Fake
Novo Boletim Epidemiológico da Covid-19 traz balanço de infecções em profissionais de saúde ,saúde,2020-07-08,137.0,1,1,1,True,True,Real
"

Lula se recusou a colocar flores no Memorial de Vítimas do Holocausto #boato 
",política,2021-03-16,51.0,0,0,0,True,True,Fake
vídeo mostrar drone entregar pizza verdade,entretenimento,2020-04-22,31.0,0,0,0,True,True,Fake
"

China vende carne humana enlatada infectada com coronavírus #boato 
",mundo,2020-02-14,146.0,0,0,0,True,True,Fake
"Em SP, Covas troca comando do combate à corrupção; é o 8º chefe em 8 anos  ",política,2021-03-07,111.0,1,1,1,True,True,Real
SP inaugura hospital de campanha na capital com atraso e menos leitos  ,saúde,2021-04-13,76.0,1,1,1,True,True,Real
"Covid-19: ""Teste de remédio in vitro não significa que funciona em humano""  ",saúde,2020-04-15,131.0,1,1,1,True,True,Real
Gilmar Mendes é o quinto ministro do STF a ser vacinado contra covid-19  ,política,2021-04-17,78.0,1,1,1,True,True,Real
Anvisa autoriza retomada dos testes da CoronaVac,saúde,,210.0,1,1,1,True,True,Real
"

Reforma da Previdência acabou com seguro-desemprego, PIS, licença e aposentadorias #boato 
",política,2019-07-17,300.0,0,0,0,True,True,Fake
Fraude: Caixa suspende 3 milhões de contas de auxílio emergencial   ,política,2020-07-21,46.0,1,1,1,True,True,Real
Covid-19: conselho de enfermagem alerta para cuidados com luvas ao vacinar  ,saúde,2021-01-19,69.0,1,1,1,True,True,Real
"Nulo contra a covid, Bolsonaro diz que máscara tem eficácia ""quase nula""  ",saúde,2020-08-19,96.0,1,1,1,True,True,Real
"

Vídeo mostra tênia sendo retirada da boca de uma mulher que comeu carne de porco crua #boato 
",mundo,2020-09-11,31.0,0,0,0,True,True,Fake
Bolsonaro e presidentes de Fla e Vasco descumprem normas em meio à pandemia  ,saúde,2020-05-19,105.0,1,1,1,True,True,Real
Ex-secretária da Saúde: 'polarização esdrúxula' afasta bons profissionais  ,política,2021-06-02,53.0,1,1,1,True,True,Real
"

Vírus da Covid-19 tem vibração de 5,5 hz e morre acima de 25,5 hz #boato 
",saúde,2020-11-02,178.0,0,0,1,True,False,Fake
É falso que Pernambuco tenha copiado de Bolsonaro 13º do Bolsa Família  ,política,2019-10-18,89.0,0,0,0,True,True,Fake
"Austrália prendeu quase 200 pessoas acusadas causar incêndio doloso #boato 
",mundo,,57.0,0,0,0,True,True,Fake
"Bruno Covas é aprovado por 28% e reprovado por 28% na cidade de SP, diz Ibope",política,2020-09-21,61.0,1,1,1,True,True,Real
"Se não tiver Enem, aí sim alunos serão prejudicados, diz presidente do Inep  ",saúde,2020-04-17,124.0,1,1,1,True,True,Real
"

Marcelo Valeixo foi infiltrado por Moro na PF para inocentar Adélio Bispo #boato 
",política,2021-02-26,82.0,0,0,0,True,True,Fake
"Em sabatina, Renata Souza erra comparações com outras candidaturas  ",brasil,2020-10-28,40.0,0,1,0,False,True,Fake
"Brasil registra 4º maior número de mortes por covid-19 no mundo, aponta OMS  ",saúde,2020-05-03,90.0,1,1,1,True,True,Real
"Butantan aponta que covid deve ser controlada com 75% de vacinados, diz TV  ",saúde,2021-05-30,78.0,1,1,1,True,True,Real
Mercado melhora estimativa e passa a prever tombo do PIB abaixo de 6% em 2020,política,2020-07-20,113.0,1,1,1,True,True,Real
Bancos avaliam flexibilizar crédito consignado para afetados pela crise  ,saúde,2020-04-28,99.0,1,1,1,True,True,Real
"Com estoque no fim, cidades restringem vacinação e preveem parar campanhas  ",saúde,2021-02-12,82.0,1,1,1,True,True,Real
Mundo passa de 40 milhões de vacinas contra Covid aplicadas; Brasil aparece pela 1ª vez em ranking,saúde,2021-01-18,133.0,1,1,1,True,True,Real
É #FAKE que foto mostre Helder Barbalho e Mandetta sem máscaras se cumprimentando durante a pandemia no PA,política,2020-05-19,99.0,0,0,0,True,True,Fake
Veja por que Bolsonaro mente ao dizer que Supremo o imobilizou na pandemia  ,política,2021-03-09,89.0,1,1,1,True,True,Real
"
  É uma montagem a capa em que a revista Charlie Hebdo supostamente satiriza o STF e Lula",brasil,,95.0,0,0,0,True,True,Fake
"

Fotos mostram animais feridos ou mortos por causa de queimadas na Amazônia #boato 
",brasil,2019-08-21,42.0,0,1,0,False,True,Fake
Nove estados entregam à Anvisa pedido de importação da vacina Sputnik V,ciência,2021-04-01,111.0,1,1,1,True,True,Real
Covid-19: entidade orienta sobre vacinação em pacientes reumáticos  ,saúde,2021-01-17,92.0,1,1,1,True,True,Real
México ultrapassa marca de 40 mil mortes por covid-19  ,saúde,2020-07-22,70.0,1,1,1,True,True,Real
"

Dra. Natalia Pasternak mentiu no currículo e se apresenta de forma falsa como bióloga #boato 
",saúde,2020-09-08,83.0,0,0,0,True,True,Fake
 Montagem que elogia governo Bolsonaro não mostra como está obra na BR-163  ,política,2019-05-04,87.0,0,0,0,True,True,Fake
Texto falso afirma que ministra Damares irá revogar a Lei Maria da Penha  ,política,2019-05-17,83.0,0,0,0,True,True,Fake
"

BR-163, a Transamazônica, está sendo asfaltada pelo Exército após 50 anos, diz Bolsonaro #boato 
",política,2019-02-07,39.0,0,0,0,True,True,Fake
manifestação bolsonarista pedir pelar cobrança iptu e luzir mendigo,política,2019-05-21,27.0,0,0,0,True,True,Fake
"

Torre Eiffel reabre com homenagem às vítimas da Covid-19, mostra vídeo #boato 
",mundo,2020-06-01,40.0,0,0,0,True,True,Fake
"

Ambev está dando canecas de carnaval grátis em site no WhatsApp #boato 
",entretenimento,2020-02-19,91.0,0,0,0,True,True,Fake
Luxemburgo alerta sobre 'terrível' covid-19 e pede: 'Não facilitem'  ,saúde,2021-01-04,51.0,1,1,1,True,True,Real
"Além de caso confirmado de coronavírus, BA, ES e PE têm uma suspeita cada  ",saúde,2020-02-26,97.0,1,1,1,True,True,Real
Meme confunde ao destacar Brasil em ranking de crescimento econômico  ,brasil,2019-11-01,78.0,0,0,0,True,True,Fake
O que os cientistas já descobriram sobre a Covid-19 nos seus 6 primeiros meses,ciência,2020-06-08,52.0,1,1,1,True,True,Real
Covid-19: ritmo de aumento de casos coloca Brasil em patamar preocupante?  ,saúde,2020-03-28,86.0,1,1,1,True,True,Real
"Em campanha por Lira, Bolsonaro reserva agenda para receber deputados  ",política,2021-01-13,72.0,1,1,1,True,True,Real
É #FAKE cartaz que anuncia vacinação prioritária de homossexuais contra a Covid-19,saúde,2021-05-17,64.0,0,0,0,True,True,Fake
Ministério Público investiga lentidão em programa de reforma agrária  ,política,2020-09-20,113.0,1,1,1,True,True,Real
livro infantil vender o bienal incentivar prático sexual verdade,entretenimento,,26.0,0,0,0,True,True,Fake
É #FAKE que laboratório de Wuhan e Pfizer sejam de propriedade da farmacêutica Glaxo,política,2020-12-10,107.0,0,0,0,True,True,Fake
umar estranho criatura espalhar o pânico o cidade ilhéu o bahia,entretenimento,,50.0,0,0,0,True,True,Fake
"Homens predominam em mais de 85% nos órgãos em todo o mundo que tomam decisões sobre a COVID-19, mostra pesquisa",ciência,2020-10-02,69.0,1,1,1,True,True,Real
Pfizer quer retomar negociação para venda de vacina da Covid-19 ao Brasil,saúde,,141.0,1,1,1,True,True,Real
Veja o que é #FATO ou #FAKE nas declarações dos candidatos à Prefeitura do Rio na 2ª semana de campanha do 2º turno,política,2020-11-27,60.0,0,0,0,True,True,Fake
Áustria descobre 96 estrangeiros em resort de esqui em violação de lockdown  ,saúde,2021-01-31,71.0,1,1,1,True,True,Real
"
  As camisas usadas por Platini e Maradona continham uma mensagem contra as drogas",brasil,,85.0,0,0,0,True,True,Fake
Ministério da Saúde fortalece vigilância genômica para combater mutações do vírus causador da Covid-19,saúde,2021-02-12,110.0,1,1,1,True,True,Real
"

Turma da Mônica está dando gibis grátis de Dia das Crianças no WhatsApp #boato 
",entretenimento,2019-10-09,88.0,0,0,0,True,True,Fake
Governo federal diz que pagar auxílio no Amazonas causaria 'grave lesão'  ,saúde,2021-02-05,115.0,1,1,1,True,True,Real
É enganoso dizer que expor a população ao vírus é melhor para acabar com pandemia do que vacinação,saúde,2020-10-28,13.0,0,0,0,True,True,Fake
"Por prevenção ao coronavírus, Justiça de SP manda 151 presos para casa  ",saúde,2020-03-28,92.0,1,1,1,True,True,Real
"MDB não apoiará Osmar Terra na Saúde: ""cota pessoal"" de Bolsonaro  ",saúde,2020-05-15,75.0,1,1,1,True,True,Real
Lenta retomada da China indica rota difícil para economia global  ,saúde,2020-06-15,177.0,1,1,1,True,True,Real
Brasil registra 2.309.477 casos de pessoas recuperadas,saúde,2020-08-12,85.0,1,1,1,True,True,Real
Polícia descobre 33 cilindros de oxigênio que foram escondidos por empresa em Manaus; dono alegou 'medo de invasão',saúde,,206.0,1,1,1,True,True,Real
"

Polícia Federal desvenda sacanagem da vacina chinesa Coronavac no Brasil #boato 
",política,2021-01-26,168.0,0,0,0,True,True,Fake
É #FAKE que morte por atropelamento foi registrada como sendo por Covid-19 no interior de São Paulo,saúde,2020-04-02,102.0,0,0,0,True,True,Fake
"Após derrota no STF, fundador do Escola Sem Partido diz que deixa movimento  ",política,2020-08-22,96.0,1,1,1,True,True,Real
"

Sr. Sakamoto está perdido na rodovia Raposo Tavares em Cotia (SP) #boato 
",brasil,2020-02-21,38.0,0,0,0,True,True,Fake
"Guedes é elogiado por apoiador e Bolsonaro zomba: ""Achei alguém para te elogiar""  ",política,2020-10-27,52.0,1,1,1,True,True,Real
Novo surto na China dá sinais de que coronavírus pode estar em mutação  ,saúde,2020-05-20,149.0,1,1,1,True,True,Real
É #FAKE vídeo de ônibus em Londres com mensagem de ataque a Lula em letreiro,mundo,2019-11-22,102.0,0,0,0,True,True,Fake
Veja o que é #FATO ou #FAKE nas declarações dos candidatos à Prefeitura de SP na 1ª semana de campanha,política,2020-10-03,57.0,0,0,0,True,True,Fake
"Brasil tem 24.512 mortes causadas pelo novo coronavírus, aponta balanço do Ministério da Saúde",ciência,2020-05-26,27.0,1,1,1,True,True,Real
Doze estados já conseguiram a suspensão das dívidas com a União por conta do coronavírus,política,2020-03-30,78.0,1,1,1,True,True,Real
"Doria: protocolo de 'lockdown' existe em SP e é iminente, mas não será adotado já  ",saúde,2020-05-18,79.0,1,1,1,True,True,Real
"

Ceasa do Rio foi alagado e frutas, legumes e verduras estão infectados #boato 
",brasil,2019-04-11,51.0,0,0,0,True,True,Fake
É #FAKE que imagens mostrem rainha Elizabeth II com máscaras da mesma cor da roupa no meio da pandemia de coronavírus,política,2020-03-24,53.0,0,0,0,True,True,Fake
"Na Casa Civil, Braga Netto fortalece ala militar do governo e restringe ação de grupo ideológico",política,2020-02-13,89.0,1,1,1,True,True,Real
Reino Unido admite que sistema de rastreamento da Covid-19 viola privacidade  ,saúde,2020-07-20,104.0,1,1,1,True,True,Real
"Apesar de recorde, queda do PIB no Brasil foi semelhante à de países ricos  ",saúde,2020-09-01,128.0,1,1,1,True,True,Real
Vídeo retira de contexto frase de Ana Arraes sobre ‘agressão’ do neto João Campos,política,2020-11-26,35.0,0,0,0,True,True,Fake
É falso que Búzios zerou casos de covid pós-Carnaval graças a “tratamento precoce”,saúde,2021-03-03,19.0,0,0,0,True,True,Fake
"

Mulher com Covid-19 é colocada em caixão e seria enterrada viva pelo governo de São Paulo #boato 
",brasil,2021-04-02,92.0,0,0,0,True,True,Fake
EUA vai acusar China de piratear estudos sobre vacina da covid-19  ,saúde,2020-05-11,79.0,1,1,1,True,True,Real
"Por acordo com farmacêuticas, Brasil resiste a quebrar patentes de vacinas  ",política,2021-05-27,41.0,1,1,1,True,True,Real
É #FAKE que foto mostre shopping abandonado na Venezuela,mundo,2020-10-15,74.0,0,0,0,True,True,Fake
Publicação usa imagens antigas como sendo de obras do governo Bolsonaro,política,2020-06-30,16.0,0,0,0,True,True,Fake
O É DA COISA - Não confunda derrota de Bolsonaro com vitória progressista  ,política,2020-11-16,6.0,1,0,0,False,False,Real
Foto publicada há 6 anos é postada como se fosse de ato pró-voto impresso  ,política,2021-08-02,57.0,0,0,0,True,True,Fake
Pacheco deve vencer no 1º turno eleição com Simone Tebet rifada pelo MDB  ,política,2021-02-01,58.0,1,1,1,True,True,Real
Corona-insônia: o fenômeno que está impedindo as pessoas de dormir na pandemia,ciência,2021-01-29,164.0,1,1,1,True,True,Real
MP apura fura-fila de vacina em ao menos 10 estados e no DF  ,saúde,2021-01-22,118.0,1,1,1,True,True,Real
"

Nuvem em formato de cruz aparece e brilha em Feira das Almas (Bahia) #boato 
",entretenimento,,41.0,0,0,1,True,False,Fake
MP denuncia Alckmin por suspeita de corrupção e lavagem de dinheiro  ,política,2020-07-23,78.0,1,1,1,True,True,Real
Irlanda estuda realizar festivais já em 2020 com distanciamento social  ,saúde,2020-05-04,93.0,1,1,1,True,True,Real
Defesa diz que Temer pedirá a Bretas autorização para participar de missão oficial ao Líbano,política,2020-08-10,80.0,1,1,1,True,True,Real
,brasil,2020-04-02,58.0,0,0,0,True,True,Fake
Coronavírus: imagens da Nasa mostram queda da poluição na China em meio ao surto  ,saúde,2020-03-01,49.0,1,1,1,True,True,Real
Arrumar-se para ficar em casa ajuda na rotina da quarentena  ,saúde,2020-04-01,100.0,1,1,1,True,True,Real
É #FAKE que vídeo mostre mulher viva em caixão durante velório em São Paulo,entretenimento,2021-04-07,68.0,0,0,0,True,True,Fake
Maduro suspende toque de recolher fronteiriço por Covid-19 e flexibiliza lockdown,saúde,2020-11-29,86.0,1,1,1,True,True,Real
"

Consegui ter acesso a qualquer senha Wi-Fi com link no WhatsApp #boato 
",entretenimento,,9.0,0,0,0,True,True,Fake
"

Seita satânica e bruxas estão dando balas e doces envenenados para crianças #boato 
",brasil,2019-10-27,266.0,0,0,0,True,True,Fake
Ministério da Economia eleva estimativa de déficit primário para R$ 861 bi em 2020  ,política,2020-09-22,90.0,1,1,1,True,True,Real
"

Vacinados têm três vezes mais chances de morrer com a variante delta da Covid-19 #boato 
",saúde,2021-06-27,82.0,0,0,1,True,False,Fake
Sabatina: Bandeira de Mello erra ao falar sobre incêndio em CT do Flamengo  ,entretenimento,2020-11-03,29.0,0,1,1,False,False,Fake
iFood: Plano de serviço de saúde para entregador e fundo a grupo de risco  ,saúde,2020-03-30,95.0,1,1,1,True,True,Real
"Dados da vacina de Oxford contra Covid-19 podem ser enviados neste ano a agências reguladoras, diz cientista",ciência,2020-08-25,104.0,1,1,1,True,True,Real
"

Ataques no Ceará são caos planejado por Lula, José Dirceu e PT em Curitiba #boato 
",política,2019-01-15,189.0,0,0,0,True,True,Fake
"Máscaras também podem reduzir gravidade da Covid-19, conclui estudo",saúde,2020-08-07,93.0,1,1,1,True,True,Real
"

EUA anunciam vacina da Roche Medical Company que cura o coronavírus em três horas #boato 
",saúde,2020-03-24,34.0,0,0,0,True,True,Fake
"Discoteca gay de Lima, no Peru, reabre como supermercado por causa da pandemia de novo coronavírus",saúde,2020-06-30,84.0,1,1,1,True,True,Real
Veja o que é #FATO ou #FAKE nas declarações dos candidatos à Prefeitura de SP na 6ª semana de campanha,política,2020-11-07,61.0,0,0,0,True,True,Fake
o chino eliminar robô rebelar o comunismo,entretenimento,2019-12-23,26.0,0,0,0,True,True,Fake
"
  Flordelis não assumiu um cargo na Secretaria da Mulher na Câmara dos Deputados",brasil,,62.0,0,0,0,True,True,Fake
"

Vídeo mostra PM da Bahia pedindo a renúncia de Rui Costa em protesto #boato 
",brasil,2021-03-30,51.0,0,0,0,True,True,Fake
"

Programa Merenda em Casa paga auxílio para quem compartilhar no WhatsApp #boato 
",entretenimento,2021-04-03,60.0,0,0,0,True,True,Fake
"

Gleisi revela, em vídeo, que PT quer o desemprego em massa no Brasil #boato 
",política,2019-05-30,96.0,0,0,0,True,True,Fake
"Após ter coronavírus, dono leiloa Volvo em prol de hospital que o salvou  ",saúde,2020-06-10,83.0,1,1,1,True,True,Real
"
  Com 14 endereços no país, a Igreja Universal não está proibida de se instalar na Alemanha",brasil,2021-04-26,48.0,0,0,0,True,True,Fake
Senado aprova salário mínimo de R$ 1.100 sem reposição total da inflação  ,política,2021-05-27,42.0,1,1,1,True,True,Real
"OMS: vacinação será ""desafio"" em países com grandes populações  ",política,2020-09-07,96.0,1,1,1,True,True,Real
Comissão do Senado confirma médico militar no comando da Anvisa  ,política,2020-10-19,65.0,1,1,1,True,True,Real
"'Omisso', diz Doria sobre Bolsonaro após país ter 100 mil mortes por covid  ",saúde,2020-08-10,134.0,1,1,1,True,True,Real
"""A dor nem sempre passa"", diz médica sobre perder pacientes com covid-19  ",saúde,2020-04-24,66.0,1,1,0,True,False,Real
"

Papa diz que estamos no fim dos tempos e pede preparação para o apocalipse #boato 
",entretenimento,,72.0,0,0,0,True,True,Fake
Rio Preto fecha supermercados no fim de semana para tentar conter covid-19  ,saúde,2020-07-16,85.0,1,1,1,True,True,Real
"Eclipse, superlua, chuva de meteoros: conheça o calendário astronômico de 2021",ciência,,814.0,1,1,0,True,False,Real
"Em ""live"", Moro se diz conservador e liberal. Não! Ele se prova reacionário  ",política,2020-08-24,35.0,1,1,0,True,False,Real
"Irã anuncia mais 49 mortos por coronavírus, maior aumento em 24h",ciência,2020-03-08,67.0,1,1,1,True,True,Real
"

Adidas está dando 1000 camisas oficiais do Flamengo em site no WhatsApp #boato 
",entretenimento,2019-11-26,99.0,0,0,0,True,True,Fake
É #FAKE foto de Bolsonaro fazendo gesto obsceno ao lado de TV que exibe documentário 'Democracia em Vertigem',política,2019-06-26,69.0,0,0,0,True,True,Fake
"
  Imagem de correspondência em estrada é antiga e não tem relação com a eleição presidencial dos EUA",política,,55.0,0,0,0,True,True,Fake
"Reinaldo Azevedo: ""Bolsonaristas batem mais do que petistas""  ",política,2021-05-18,31.0,1,1,1,True,True,Real
"

China comprou vacina de empresa sueca porque vacina testada em São Paulo não funciona #boato 
",saúde,2020-08-14,47.0,0,0,0,True,True,Fake
É #FAKE que Israel adotou apenas o isolamento de idosos para enfrentar o coronavírus,mundo,2020-03-27,74.0,0,0,0,True,True,Fake
"Após apagão no Amapá, Aneel quer mudar forma de comunicação sobre falhas  ",política,2020-11-11,115.0,1,1,1,True,True,Real
Post engana ao afirmar que preço do gás só não caiu significativamente por causa dos governadores,política,2021-06-30,55.0,0,0,0,True,True,Fake
É #FAKE que edição de revista publicada em 2003 fale do novo coronavírus,política,2020-06-22,82.0,0,0,0,True,True,Fake
É #FAKE que vídeo mostre mulher com convulsão na Argentina logo após tomar vacina contra a Covid-19,mundo,2021-03-03,73.0,0,0,0,True,True,Fake
"

Bolsonaro acabou com o Dia das Bruxas e transformou o 31/10 em Dia do Evangelho #boato 
",política,2019-10-20,79.0,0,0,0,True,True,Fake
"

Bolsonaro estampa capa da revista Time como personalidade do ano #boato 
",política,2018-12-04,13.0,0,0,0,True,True,Fake
É #FAKE que máscaras são inócuas e podem causar infecção na garganta,ciência,2020-06-16,70.0,0,0,0,True,True,Fake
Mortos por coronavírus: por que a Belgica tem a maior taxa de mortalidade por covid-19 no mundo  ,saúde,2020-05-01,53.0,1,1,1,True,True,Real
É #FAKE que eleitor com menos de 60 anos não poderá votar das 7h às 10h,entretenimento,2020-10-19,64.0,0,0,0,True,True,Fake
Covas descarta lockdown municipal e diz: 'faltou colaboração' com rodízio  ,saúde,2020-05-21,111.0,1,1,1,True,True,Real
Alexandre de Moraes permite acesso de investigados ao inquérito das 'fake news',política,2020-06-02,89.0,1,1,1,True,True,Real
Ministro da Saúde anuncia implantação do método Wolbachia em Campo Grande (MS),saúde,2020-02-14,50.0,1,1,1,True,True,Real
"Caixa de R$ 19,2 bi na pandemia gera embate eleitoral em São Paulo  ",política,2020-11-08,117.0,1,1,1,True,True,Real
"

Coronel da Aeronáutica que não é bolsonarista grava áudio sobre o presidente #boato 
",política,,100.0,0,0,0,True,True,Fake
Vacinas para covid-19 não são capazes de provocar danos genéticos  ,saúde,2020-12-20,95.0,0,0,0,True,True,Fake
"
  Alerta da OMS sobre os testes RT-PCR para covid-19 não é “admissão” de falta de eficácia ",saúde,2020-12-31,77.0,0,0,0,True,True,Fake
É #FAKE cartaz com cronograma de vacinação contra a Covid-19 no estado de SP,saúde,2021-01-26,83.0,0,1,0,False,True,Fake
"

Greta Thunberg pediu para os chineses pararem de usar palitinhos para comer #boato 
",mundo,2020-03-14,28.0,0,0,0,True,True,Fake
"

Vídeo mostra Rio Paraopeba muito poluído e com peixes mortos #boato 
",brasil,2019-02-21,29.0,0,0,0,True,True,Fake
"Maior vencedor da NBA é vacinado contra covid: ""Tiro que não vou bloquear""  ",saúde,2021-02-05,56.0,1,0,0,False,False,Real
Medo de nova onda de coronavírus faz com que países europeus aumentem a vigilância  ,saúde,2020-07-10,92.0,1,1,1,True,True,Real
Vídeo mostra garimpeiros atirando de lancha contra indígenas Yanomamis  ,política,2021-05-11,85.0,1,1,1,True,True,Real
Aras entra com representação contra professor da USP que o criticou  ,política,2021-05-15,94.0,1,1,1,True,True,Real
"

Fiocruz construiu o Parque Industrial de Vacinas (PIVFI) com cientistas de Israel para dar golpe de mestre #boato 
",saúde,2021-03-19,58.0,0,0,0,True,True,Fake
Anvisa aprova prorrogação feita a pedido do Butantan para entrega de estudo sobre criação de anticorpos da CoronaVac ,saúde,2021-03-10,100.0,1,1,1,True,True,Real
Discussão sobre vacina obrigatória leva a corrida de projetos de lei   ,política,2020-10-28,83.0,1,1,1,True,True,Real
É #FAKE que vídeo mostre votos de uma mesma zona eleitoral aparecendo de forma divergente no aplicativo do TSE e no boletim de urna,política,2020-11-26,66.0,0,0,0,True,True,Fake
Boletim de Ações Estratégicas Contra a Covid-19 - 22 de março de 2021,saúde,2021-03-22,25.0,1,1,1,True,True,Real
É #FAKE que planta ao fundo de repórter seja pé de maconha,entretenimento,2020-04-29,51.0,0,0,0,True,True,Fake
"
  Refinarias brasileiras que estavam na Bolívia foram vendidas por 112 milhões de dólares",brasil,,78.0,0,0,0,True,True,Fake
Cinco propostas para retomar economia após coronavírus  ,saúde,2020-04-27,146.0,1,1,1,True,True,Real
É #FAKE que pesquisa revelou que só 6% das mortes atribuídas à Covid-19 nos Estados Unidos foram mesmo causadas pelo coronavírus,mundo,2020-09-02,75.0,0,0,0,True,True,Fake
"

Michigan teve 138 mil votos falsos para Biden e urnas com votos de Trump no lixo #boato 
",mundo,2020-11-09,65.0,0,0,0,True,True,Fake
"Arrecadação federal cai 29,6% em junho, a R$86,258 bi, pior desempenho para o mês desde 2004  ",política,2020-07-23,55.0,1,1,1,True,True,Real
"É #FAKE que vídeo mostre profissionais do Hospital de Messejana, em Fortaleza, comemorando fechamento de ala de Covid-19 por falta de pacientes",brasil,2020-06-23,83.0,0,0,0,True,True,Fake
"Perfil falso de Dias Toffoli no Twitter confunde usuário com ""post oficial""  ",política,2019-11-26,46.0,0,0,1,True,False,Fake
É #FAKE que vídeo mostre mãe de um dos mortos no Jacarezinho segurando e brincando com fuzil,entretenimento,2021-05-10,60.0,0,0,0,True,True,Fake
MP dispensa documentos para empresas pedirem crédito a bancos públicos  ,saúde,2020-04-27,137.0,1,1,1,True,True,Real
"
  Alberto Fernández reforçou as tarefas sanitárias dos militares, não deu a eles um papel na segurança",brasil,2021-04-15,77.0,0,0,0,True,True,Fake
Mortalidade em UTIs públicas para covid-19 é o dobro de hospitais privados  ,saúde,2020-06-21,130.0,1,1,1,True,True,Real
"

Petição Lula Livre contribui para liberdade do ex-presidente Lula #boato 
",política,2019-08-04,31.0,0,0,0,True,True,Fake
"

[Atualizado] Silvio Santos foi internado com suspeita de Covid-19 
",entretenimento,2021-08-13,25.0,0,0,0,True,True,Fake
Centrão espera reforma ministerial e prevê nomes; Onyx voltará ao Planalto  ,política,2021-02-02,61.0,1,1,1,True,True,Real
"Brasil tem 61.884 mortes por coronavírus, diz Ministério da Saúde",saúde,2020-07-02,36.0,1,1,1,True,True,Real
Impeachment: Tribunal nega pedido de Witzel para suspensão de depoimentos  ,política,2020-12-17,84.0,1,1,1,True,True,Real
UOL e Folha sabatinam Covas e Boulos em disputa por Prefeitura de São Paulo  ,política,2020-11-25,40.0,1,1,1,True,True,Real
Deltan diz que ausência de sobrenomes em ação da Lava Jato é 'irrelevante' e que não analisou legalidade de doações a Alcolumbre e Maia,política,2020-07-02,93.0,1,1,1,True,True,Real
 Imagem modificada faz cartaz pró-Bolsonaro virar mensagem falsa sobre Moro  ,política,2019-07-01,43.0,0,0,0,True,True,Fake
"
  Saques de aves e porcos não foram gravados na Argentina, mas durante protestos na Colômbia",brasil,2021-05-19,71.0,0,0,0,True,True,Fake
Texto exagera impacto da covid em resultado eleitoral no Ceará  ,saúde,2020-10-19,30.0,0,0,0,True,True,Fake
Pagamento do novo auxílio emergencial deve começar apenas em abril  ,política,2021-03-12,51.0,1,1,1,True,True,Real
Argentina vai proibir demissões no país pelos próximos 60 dias  ,saúde,2020-03-31,87.0,1,1,1,True,True,Real
"Com correção, dólar sob Bolsonaro não é o mais caro no Plano Real  ",política,2019-11-21,82.0,0,1,1,False,False,Fake
Bolsonaro ignora brigas e diz ter 'os melhores ministros da história do Brasil'  ,política,2020-10-29,131.0,1,1,1,True,True,Real
Estudo aponta presença da covid no país desde novembro de 2019  ,saúde,2021-01-12,108.0,1,1,1,True,True,Real
"

Esposa do ex-ministro Nelson Teich é representante do Remdesivir no Brasil #boato 
",saúde,2020-05-17,72.0,0,0,0,True,True,Fake
"

Coronavírus já existia desde 2014 e China já vacinou população em 2018 e 2019 #boato 
",saúde,2020-11-10,151.0,0,0,0,True,True,Fake
"

Apenas 6% das mortes de pessoas com coronavírus foram, de fato, por Covid-19, mostra pesquisa #boato 
",saúde,2020-09-01,31.0,0,0,1,True,False,Fake
OMS diz que jovens começaram a fumar mais durante pandemia do coronavírus  ,saúde,2020-05-29,134.0,1,1,1,True,True,Real
"

Globo vai entrevistar Lula hoje no Jornal Nacional #boato 
",entretenimento,,46.0,0,0,0,True,True,Fake
É #FAKE tuíte que atribui ao general Heleno frase sobre ex-ministros do governo Bolsonaro,entretenimento,2020-07-29,91.0,0,0,0,True,True,Fake
vídeo mostrar umar “ sereia ” filmar o amazônia verdade,entretenimento,2020-10-17,20.0,0,0,0,True,True,Fake
"

Desinfetante Lysol cura o novo coronavírus e é a prova que a doença já era conhecida #boato 
",saúde,2020-02-06,50.0,0,0,0,True,True,Fake
"

Fim do casamento homossexual é decretado por Tribunal de Estrasburgo #boato 
",mundo,,237.0,0,0,0,True,True,Fake
"

Carlos Ayres Britto diz, em carta, que Moro foi enviado pela esquerda para derrubar Bolsonaro #boato 
",política,2020-05-03,317.0,0,1,0,False,True,Fake
É #FAKE que Senado debate projeto de lei que prevê prisão para religiosos que pregarem em horário noturno,política,2020-06-18,86.0,0,0,0,True,True,Fake
Mandetta sobre saída da Saúde: 'Presidente bateu de frente com a ciência'  ,saúde,2020-04-26,123.0,1,1,1,True,True,Real
"Hidroxicloroquina não funciona preventivamente, conclui estudo clínico  ",saúde,2020-06-05,93.0,1,1,1,True,True,Real
"Lula envia ""boas energias"" a Alberto Fernández, que está com covid-19  ",política,2021-04-03,71.0,1,1,1,True,True,Real
Como troca no comando na Petrobras pôs fim ao flerte de Bolsonaro com o mercado  ,política,2021-03-17,74.0,1,1,1,True,True,Real
TCU dá aval para que governo se responsabilize por eventual efeito adverso de vacinas contra Covid,saúde,2021-03-17,91.0,1,1,1,True,True,Real
Ministério da Saúde prorroga prazo para adesão de municípios ao Saúde na Escola,saúde,2021-02-19,120.0,1,1,1,True,True,Real
"Prevaricação se aplica ao presidente, ao contrário do que disse Bolsonaro  ",política,2021-07-13,81.0,0,0,0,True,True,Fake
"Lira diz que caso Daniel Silveira é ""absolutamente fora da curva""  ",política,2021-02-18,104.0,1,1,1,True,True,Real
"Após espancar a República, Bolsonaro quer convencer que ele é a vítima  ",saúde,2020-05-02,134.0,1,1,1,True,True,Real
La Liga planeja que 197 pessoas participem dos jogos no retorno do torneio  ,saúde,2020-05-18,83.0,1,1,1,True,True,Real
nicolás madurar jogar tonelada alimento ajudar humanitário,entretenimento,2019-02-23,22.0,0,0,0,True,True,Fake
PF abre inquérito para apurar movimentações financeiras de Frederick Wassef  ,política,2020-10-26,51.0,1,1,1,True,True,Real
É falso que urnas eletrônicas sejam fabricadas na Venezuela  ,mundo,2020-10-05,56.0,0,0,0,True,True,Fake
25 dos 27 países da União Europeia já começaram vacinação contra Covid-19 ,ciência,2020-12-28,62.0,1,1,1,True,True,Real
Cloroquina poderá ser usada em casos graves do coronavírus,saúde,2020-03-25,56.0,1,1,1,True,True,Real
"#BoasNotícias02/04: Pacote de R$ 10 bi, ajuda de haitianos, emoção na cura  ",saúde,2020-04-02,144.0,1,1,1,True,True,Real
"
  A mulher que sofreu uma convulsão em um hospital argentino não foi vacinada contra a covid-19",saúde,,72.0,0,0,0,True,True,Fake
"Kátia Abreu sobre chanceler: ""Não adianta trocar Ernesto por Ernesto""  ",política,2021-03-29,59.0,1,1,1,True,True,Real
Twitter vai incluir alertas em tuítes com informações falsas sobre Covid-19,política,2020-05-11,81.0,1,0,0,False,False,Real
"
  Esta gravação não mostra uma fraude nas eleições dos EUA, ela foi feita na Rússia em 2018",política,2020-11-12,55.0,0,0,0,True,True,Fake
"

Pérolas são retiradas da Amazônia e contrabandeadas para a França, mostra vídeo #boato 
",brasil,2019-12-31,31.0,0,0,0,True,True,Fake
"

Idoso ganhador da Mega-Sena da Virada morre sufocado pela namorada #boato 
",brasil,2019-01-14,50.0,0,0,0,True,True,Fake
Carla Araújo: Bolsonaro conta com mudanças no STF para caso de depoimento  ,política,2020-09-18,136.0,1,1,1,True,True,Real
"Isolado em Bangcoc, na Tailândia, brasileiro relata a situação da cidade   ",saúde,2020-03-28,58.0,1,1,1,True,True,Real
"Pontuação, maior prazo para renovar a carteira: o que muda no Código de Trânsito  ",política,2020-10-13,38.0,1,1,1,True,True,Real
O que é Clubhouse? Saiba mais sobre a rede social de conversas por áudio,política,2021-02-08,63.0,1,0,0,False,False,Real
 Parentes de homem que atacou Bolsonaro não trabalharam com petista  ,política,2019-04-01,77.0,0,0,0,True,True,Fake
"

Pneu que não fura é vendido no Japão e decreta o fim dos borracheiros #boato 
",mundo,,13.0,0,0,0,True,True,Fake
Pernambuco já recebeu mais de 13 milhões de Equipamentos de Proteção Individual do Ministério da Saúde,saúde,2020-10-28,114.0,1,1,1,True,True,Real
Não é verdade que fábricas estejam trocando a Argentina pelo Brasil  ,mundo,2019-11-08,74.0,0,0,0,True,True,Fake
"Brasil tem 119.509 mortes por coronavírus, diz Ministério da Saúde",saúde,2020-08-28,23.0,1,1,1,True,True,Real
Veja o que é #FATO ou #FAKE nas declarações dos candidatos à Prefeitura de Belo Horizonte na 5ª semana de campanha,política,2020-10-30,50.0,0,0,0,True,True,Fake
Mandetta expõe discórdia com Bolsonaro e diz à CPI que ciência foi ignorada  ,política,2021-05-04,184.0,1,1,1,True,True,Real
"Senador que substituiu Juíza Selma, a 'Moro de saias', está com covid-19  ",saúde,2020-06-18,153.0,1,1,1,True,True,Real
Vacina: Unifesp prevê bons resultados no início de 2021 e registro em junho  ,saúde,2020-07-15,88.0,1,1,1,True,True,Real
É #FAKE que tendas de triagem da Unicamp para Covid-19 foram desmontadas por falta de pacientes,ciência,2020-05-11,97.0,0,0,0,True,True,Fake
É #FAKE que fotos e vídeos mostrem produtos mofados em shopping de São Paulo durante a quarentena,brasil,2020-05-20,113.0,0,0,0,True,True,Fake
redar tv mostrar fraudar o eleição norte-americanas e eleitor nascer,política,,35.0,0,0,0,True,True,Fake
Pesquisadores chineses lançam segunda fase de testes de vacina contra Covid-19 em seres humanos,ciência,2020-06-21,132.0,1,1,1,True,True,Real
"
  O público levou, sim, bandeiras do Brasil à posse presidencial de Lula em 2003",brasil,,67.0,0,0,0,True,True,Fake
"La Liga decide retomar campeonato Espanhol em 12 de junho, diz jornal  ",saúde,2020-05-10,112.0,1,1,1,True,True,Real
É #FAKE que promotor de MT mandou prender menina que atirou em garimpeiro,entretenimento,2019-10-04,67.0,0,0,0,True,True,Fake
Como Damares Alves saiu de ministra 'periférica' a figura central do bolsonarismo  ,política,2020-09-03,147.0,1,1,1,True,True,Real
Comissária da ONU cobra que governo do Brasil dê exemplo na luta contra a pandemia  ,saúde,2020-12-09,78.0,1,1,1,True,True,Real
"'Bolsonaro errou e se omitiu na pandemia', diz Renan Calheiros, apontado como relator da CPI",brasil,,189.0,1,1,1,True,True,Real
"Itália totaliza mais de 60 mil mortes por covid, com 564 nas últimas 24 horas  ",saúde,2020-12-06,77.0,1,1,1,True,True,Real
"

China cancelou transações em dólar na Bolsa de Valores e abalou o mundo #boato 
",mundo,2020-05-04,195.0,0,1,1,False,False,Fake
É #FAKE mensagem que circula em Guarulhos convocando cadastro em UBS para receber vacina ,saúde,2021-02-02,48.0,0,0,0,True,True,Fake
"Américas foram responsáveis por 64% das novas mortes por Covid-19 em todo o mundo na última semana, diz Opas",ciência,2020-07-14,80.0,1,1,1,True,True,Real
"

Arthur Lira fraudou a votação sobre voto impresso na Câmara #boato 
",política,2021-08-17,34.0,0,0,0,True,True,Fake
"'Me identificava como jornalista e ninguém ouvia', diz fotógrafo agredido  ",política,2021-03-16,37.0,1,1,1,True,True,Real
Governo prorroga prazo para pagamento de auxílio ao setor cultural  ,saúde,2020-12-29,104.0,1,1,1,True,True,Real
"

Corpo de homem e vaca são achados em estação da Cedae e não se deve beber água da torneira #boato 
",brasil,2021-05-28,65.0,0,0,0,True,True,Fake
fake nóis o fake news envolver o carnaval,política,2020-02-25,11.0,0,0,0,True,True,Fake
Jair Bolsonaro confunde bagunça com atividade  ,política,2020-09-29,137.0,1,1,0,True,False,Real
Osmar Terra publica fake news sobre coronavirus no twitter  ,saúde,2020-04-02,94.0,1,1,1,True,True,Real
"Bolsonaro não ""bateu recorde"" de despesas com cartão corporativo  ",política,2019-10-31,77.0,0,0,0,True,True,Fake
Bolsonaro sobrevoa áreas atingidas por ciclone em Santa Catarina  ,política,2020-07-04,109.0,1,1,1,True,True,Real
"Chile suspende demissões, mas permite corte de salários por coronavírus  ",saúde,2020-04-01,86.0,1,1,1,True,True,Real
o acesso o o site xvideos “ cancelar ” o brasil setembro,entretenimento,,13.0,0,0,0,True,True,Fake
Indicado ao STF liberou estrada em parque ecológico; desmatamento explodiu  ,política,2020-10-02,91.0,1,1,1,True,True,Real
"Macacos infectados com coronavírus se tornam imunes após cura, indicam pesquisas dos EUA",ciência,2020-05-20,84.0,1,1,1,True,True,Real
É #FAKE que revista Time publicou charge em que Bolsonaro aparece como soldado 'protegendo o Brasil',mundo,2019-05-20,71.0,0,0,0,True,True,Fake
"

Ative videochamadas no WhatsApp e Wi-Fi grátis por convite #boato 
",entretenimento,,9.0,0,0,0,True,True,Fake
"
  Álcool em gel é inflamável; especialistas recomendam usar água e sabão em casa",saúde,,108.0,0,0,0,True,True,Fake
tre alterar o resultar candidato 3.033 voto belford roxo rj,política,2020-11-22,18.0,0,0,0,True,True,Fake
É #FAKE imagem que mostra ex-ministro Joaquim Barbosa rasgando exemplar da Constituição,política,2020-12-03,61.0,0,0,0,True,True,Fake
Bares e restaurantes só poderão abrir durante o dia em São Paulo durante flexibilização da quarentena,saúde,2020-06-30,108.0,1,1,1,True,True,Real
o medir provisório suspender o pagamento aposentadoria idoso flagrar o ruir,saúde,2020-03-20,33.0,0,0,0,True,True,Fake
"

Príncipe Charles beijou um rapaz e é gay #boato 
",entretenimento,,15.0,0,0,0,True,True,Fake
"Sem experiência na saúde, Wizard quer cloroquina e fala em ajudar na gestão  ",saúde,2020-06-06,110.0,1,1,1,True,True,Real
morte coronavírus cair manaus o visitar ministrar saudar,política,2020-05-10,20.0,0,0,0,True,True,Fake
MP recomenda que Prefeitura não distribua ozônio em tratamento de covid  ,saúde,2020-08-04,115.0,1,1,1,True,True,Real
Cadeia superlotada registra primeiro caso de covid-19 em preso no Ceará  ,saúde,2020-04-08,76.0,1,1,1,True,True,Real
É #FAKE que vídeo mostre crianças deitadas no chão com dor por causa do coronavírus na China,entretenimento,2020-02-28,104.0,0,0,0,True,True,Fake
"

Onça e vaca fazem amizade e são fotografadas em fazenda de Mato Grosso #boato 
",brasil,2020-08-04,73.0,0,0,0,True,True,Fake
Veja o que é #FATO ou #FAKE nas declarações dos candidatos à Prefeitura do Rio na 6ª semana de campanha,política,2020-11-06,62.0,0,0,0,True,True,Fake
É #FAKE que foto de prédio pichado mostre imóvel dentro da USP,entretenimento,2019-05-14,61.0,0,0,0,True,True,Fake
"Coronavírus: covid-19 já mata mais por dia que a tuberculose, doença infecciosa mais letal do mundo  ",saúde,2020-04-02,75.0,1,1,1,True,True,Real
"Como votar nas eleições: um guia com horário, regras e cargos disputados  ",política,2020-11-13,41.0,1,1,0,True,False,Real
É #FAKE que vídeo mostre governador do Piauí em festa durante a pandemia da Covid-19,saúde,2020-05-22,73.0,0,0,0,True,True,Fake
Dois em cada cinco candidatos declaram não ter nenhum bem nestas eleições; 2% são milionários,política,2020-09-30,81.0,1,1,1,True,True,Real
Conselho abre processo de cassação contra Silveira e o afasta do órgão  ,política,2021-02-24,43.0,1,1,1,True,True,Real
Veja o que é #FATO ou #FAKE nas declarações dos candidatos à Prefeitura de SP na 5ª semana de campanha,política,2020-10-31,58.0,0,0,0,True,True,Fake
"

Doria vai decretar lockdown total após o Dia das Mães em São Paulo #boato 
",política,2021-04-29,31.0,0,0,0,True,True,Fake
Cruzeiros voltam em Veneza após mais de 1 ano sem viagens por restrições da pandemia,saúde,2021-06-03,69.0,1,1,1,True,True,Real
"MPF diz que provas contra Witzel são extensas: ""não tem motivação política""  ",política,2020-08-28,93.0,1,1,1,True,True,Real
Rio registra 147 mortes por covid-19 em 24h; total de óbitos chega a 23.887  ,saúde,2020-12-15,42.0,1,1,1,True,True,Real
É verdadeiro vídeo publicado por Bolsonaro e que mostra comboio levando alimentos para Araraquara,saúde,2021-05-06,45.0,0,0,0,True,True,Fake
"Festa virtual, comida delivery e um raro reencontro: especialistas contam como será o Dia das Mães",ciência,2021-05-08,88.0,1,1,1,True,True,Real
umar jovem revelar pai e viciar n,saúde,2019-05-19,41.0,0,0,0,True,True,Fake
“ kit covid-19 ” parir combater o coronavírus verdadeiro falsar,política,2020-05-19,4.0,0,0,0,True,True,Fake
"Sala que Lula usa na PF em Curitiba não é ""gabinete exclusivo""  ",política,2019-10-22,56.0,0,0,0,True,True,Fake
Governador de SC vê tentativa de 'desgaste' após 2º pedido de impeachment  ,política,2020-09-04,97.0,1,1,1,True,True,Real
adolescente morrer vacinar o covid-19 paulo,saúde,2020-09-14,19.0,0,0,0,True,True,Fake
"
  Até 2030, a ONU planeja que todos tenham identidade legal, o que não inclui chips",ciência,,48.0,0,0,0,True,True,Fake
"

Boneca androide chinesa se parece com criança real, mostra vídeo #boato 
",entretenimento,2019-11-26,30.0,0,0,0,True,True,Fake
"Por imunidade de rebanho, Bolsonaro mandou país à morte, diz membro da CPI  ",política,2021-04-26,56.0,1,1,1,True,True,Real
"ONG Médicos Sem Fronteiras luta pela quebra de patentes das vacinas contra a Covid-19: ""questão moral e humanitária""  ",saúde,2021-02-25,123.0,1,1,1,True,True,Real
"

Carro da Globo foi depredado ontem (2019) em São Conrado (Rio de Janeiro) #boato 
",brasil,2019-09-21,60.0,0,0,0,True,True,Fake
Trump anuncia liberação de uso de plasma em tratamento contra Covid-19 nos EUA,saúde,2020-08-23,79.0,1,1,1,True,True,Real
New York Times chama Bolsonaro de notório vilão; WSJ também usa tom crítico  ,política,2021-04-22,58.0,1,1,1,True,True,Real
"

Ataque ao Porta dos Fundos foi forjado por Fábio Porchat #boato 
",entretenimento,2019-12-26,93.0,0,0,0,True,True,Fake
"AirPods Max, novos fones de ouvido sem fio da Apple, custam R$ 6.899 no Brasil",política,2020-12-08,89.0,1,1,1,True,True,Real
Eleitor tem até esta semana para justificar ausência no 1º turno  ,política,2021-01-11,59.0,1,1,1,True,True,Real
"10 receitas de macarrão para variar o cardápio: pesto, na pressão e mais  ",saúde,2020-05-22,60.0,1,1,0,True,False,Real
Juiz dá a Lula acesso a mensagens da Operação Spoofing  ,política,2021-01-05,142.0,1,1,1,True,True,Real
É #FAKE mensagem que lista novas vias com rodízio de veículos em SP,entretenimento,2020-01-30,43.0,0,0,0,True,True,Fake
Pfizer espera avançar em negociação com governo após registro na Anvisa  ,saúde,2021-02-23,67.0,1,1,1,True,True,Real
"Governo se comprometeu a comprar toda a demanda necessária de vacinas, diz Wellington Dias  ",saúde,2020-12-08,112.0,1,1,1,True,True,Real
"À espera da CoronaVac, Indonésia encomendará vacinas da Pfizer e da AstraZeneca  ",saúde,2020-12-29,54.0,1,1,1,True,True,Real
"Expectativa para a vacina deve ser realista, diz neurocientista Miguel Nicolelis  ",saúde,2020-08-07,38.0,1,1,1,True,True,Real
"

Sargento Manoel Silva Rodrigues, preso com cocaína na Espanha, é filiado ao PSL #boato 
",política,2019-06-27,31.0,0,0,0,True,True,Fake
Covid: Arthur Weintraub insinua fraude sobre mortes com dado desatualizado  ,saúde,2020-08-20,138.0,1,1,1,True,True,Real
Inteligência artificial contra a covid-19  ,saúde,2020-08-04,17.0,1,0,0,False,False,Real
"Senador Arolde de Oliveira é internado com Covid-19, diz assessoria",política,2020-10-05,91.0,1,1,1,True,True,Real
F1 esvaziará grid pré-largada e pode ficar sem pódio por causa da covid-19  ,saúde,2020-06-12,99.0,1,1,1,True,True,Real
Imagem de repórter com traje de proteção contra o coronavírus é tirada de contexto para atacar a mídia,saúde,2020-03-25,13.0,0,0,0,True,True,Fake
General Heleno divulga resultado negativo em segundo teste para covid-19  ,saúde,2020-03-31,66.0,1,1,1,True,True,Real
É #FAKE que máscaras de tecido sejam ineficazes contra o coronavírus e que apenas trajes cobrindo o corpo todo protejam da Covid-19,ciência,2020-07-27,84.0,0,0,0,True,True,Fake
morador indaiatuba drone fogo artifício parir acabar festa,entretenimento,2019-07-15,41.0,0,0,0,True,True,Fake
menino pedir o minecraft parir o avô ganhar natal o livrar “ mein kampf ” verdade,entretenimento,2019-12-31,43.0,0,0,0,True,True,Fake
"Sergipe recebe mais 31,2 mil doses de vacinas covid-19",saúde,2021-04-22,181.0,1,1,1,True,True,Real
vídeo barco apoiadores donald trump fogo verdadeiro falsar,mundo,,24.0,0,0,0,True,True,Fake
"Grau de imunização gerada pelo coronavírus é enigma para cientistas, mostram estudos do Pasteur  ",saúde,2020-04-24,143.0,1,1,1,True,True,Real
TCU pede informações sobre ações do Ministério da Saúde contra variantes do coronavírus ,ciência,2021-02-05,90.0,1,1,1,True,True,Real
Veja o que é #FATO ou #FAKE nas declarações do ex-ministro Pazuello na CPI da Covid,política,2021-05-19,60.0,0,0,0,True,True,Fake
"Até o momento, 37 médicos morreram de covid-19 na Itália  ",saúde,2020-03-26,44.0,1,1,1,True,True,Real
Políticos lamentam piora de Bruno Covas e quadro irreversível  ,política,2021-05-14,78.0,1,1,1,True,True,Real
"Sem dinheiro, NY pode ter que dispensar servidores que combatem a covid-19  ",saúde,2020-05-06,92.0,1,1,1,True,True,Real
Toffoli suspende investigações da Lava Jato sobre senador José Serra,política,2020-07-29,108.0,1,1,1,True,True,Real
Príncipe Charles deixa isolamento após confirmação de coronavírus  ,saúde,2020-03-30,70.0,1,1,1,True,True,Real
"Modelo de compensação a Estados por perda de imposto é irresponsabilidade e cheque em branco, diz Guedes  ",saúde,2020-04-13,61.0,1,1,1,True,True,Real
"

Vendedor ambulante de açaí morreu após ser abordado pela polícia em São Paulo #boato 
",brasil,2021-01-24,30.0,0,0,0,True,True,Fake
"

Indulto de Natal libera 27 mil presos temporariamente nas ruas #boato 
",brasil,2020-12-22,33.0,0,0,0,True,True,Fake
"Coronavírus leva em média 30 dias para desaparecer do corpo, mostra estudo italiano",ciência,2020-09-03,86.0,1,1,1,True,True,Real
Exame de presidente do STJ dá negativo para o novo coronavírus ,política,2020-03-21,81.0,1,1,1,True,True,Real
"Na beira do colapso, RN tem quase todos os leitos ocupados  ",saúde,2020-06-03,107.0,1,1,1,True,True,Real
Dois turnos e Neymar: saiba como tem sido quarentena de Lucas Lima  ,saúde,2020-04-20,125.0,1,1,1,True,True,Real
"

Fox News faz homenagem a Bolsonaro em vídeo sobre presidente do Brasil #boato 
",mundo,2018-12-21,13.0,0,0,0,True,True,Fake
"Vídeo compara, erroneamente, pesquisadores que estudam covid-19",saúde,2020-07-10,24.0,0,0,0,True,True,Fake
vídeo mostrar papar noel pendurar helicóptero desgovernar verdade,entretenimento,2020-12-23,29.0,0,0,0,True,True,Fake
"Ex-presidente da CBDA, Coaracy Nunes morre após pegar coronavírus  ",saúde,2020-05-14,158.0,1,1,1,True,True,Real
É #FAKE que vídeo mostre Mandetta ao lado de Gilmar Mendes em Lisboa ,política,2020-07-10,112.0,0,0,0,True,True,Fake
"

Denílson é flagrado em briga com travesti após programa não pago #boato 
",entretenimento,2020-04-06,35.0,0,0,0,True,True,Fake
Covid-19 deve mudar matriz energética e forçar o olhar contra desigualdades  ,saúde,2020-04-22,143.0,1,1,1,True,True,Real
"É #FAKE que vídeo mostre posto com gasolina a R$ 2,62 no Paraguai em 2021",mundo,2021-02-27,64.0,0,0,0,True,True,Fake
Agência Espacial Brasileira zera orçamento do Inpe para pesquisa em 2021  ,política,2020-08-17,68.0,1,1,1,True,True,Real
Site usa texto sobre boa aprovação de Lula para tratar de apoio a Bolsonaro  ,política,2020-07-16,65.0,0,0,0,True,True,Fake
"Com dirigentes presos no Rio, Iabas administra mais de 80 serviços na saúde de São Paulo  ",saúde,2020-07-24,132.0,1,1,1,True,True,Real
'Toque de restrição' de Doria será pouco efetivo contra mortes por covid  ,saúde,2021-02-24,84.0,1,1,1,True,True,Real
É #FAKE que fotos mostrem obras concluídas em 18 meses de governo Bolsonaro,brasil,2020-07-03,48.0,0,0,0,True,True,Fake
"

STF autorizou o monitoramento de chamadas e mensagens no WhatsApp a partir de amanhã #boato 
",entretenimento,2020-07-12,116.0,0,0,0,True,True,Fake
"Itália tem 79 mortes e mais de 2,5 mil infecções por covid-19  ",saúde,2020-03-03,83.0,1,1,1,True,True,Real
"Após ser criticado, Ricardo Salles chama Maia de ""Nhonho"" no Twitter  ",política,2020-10-28,60.0,1,1,1,True,True,Real
"

Diretor do hospital São José de Fortaleza alerta que todos devem estocar comida por causa do coronavírus #boato 
",saúde,2020-03-01,131.0,0,0,0,True,True,Fake
baderneiros petistas atear fogo aldear indígena o amazônia,política,2019-08-25,2.0,0,0,0,True,True,Fake
sombra umar criança pulverizar pelar bomba atômica nagasaki verdade,entretenimento,2020-09-27,51.0,0,0,0,True,True,Fake
É #FAKE que foto mostre prédio no Ceará fazendo ato de repúdio em razão de proibição do uso de bandeira do Brasil,brasil,2020-05-27,70.0,0,0,0,True,True,Fake
É enganoso post que compara falas de Biden e Bolsonaro sobre dispensa do uso de máscara,saúde,2021-06-17,36.0,0,0,0,True,True,Fake
Decotelli atualiza o currículo e diz que foi ministro da Educação entre os dias 25 e 30 de junho,política,2020-07-04,74.0,1,1,1,True,True,Real
"Brasil passa de 153,6 mil mortes por Covid; média móvel é de 493, a menor desde maio",ciência,2020-10-17,93.0,1,1,1,True,True,Real
União Química vai iniciar produção da vacina Sputnik V para exportação  ,saúde,2021-05-07,85.0,1,1,1,True,True,Real
"

China falsificou 20 mil documentos para fraudar eleições nos EUA #boato 
",mundo,,36.0,0,0,0,True,True,Fake
"

Manoel Gomes, autor de Caneta Azul, morre aos 57 anos de idade #boato 
",entretenimento,2019-11-03,41.0,0,0,0,True,True,Fake
São Paulo tem mais casos de covid-19 do que toda a Inglaterra  ,saúde,2020-06-13,112.0,1,1,1,True,True,Real
"Ao contrário do que afirma deputado, Doria não recebeu R$19 bilhões da União para o combate à covid-19",saúde,2021-02-05,18.0,0,0,0,True,True,Fake
É #FAKE que cloroquina foi recomendada em 1918 como tratamento contra a gripe espanhola,saúde,2021-02-26,99.0,0,0,0,True,True,Fake
boneco ventríloquo guerra mundial piscar e mexer o bocar,entretenimento,2019-10-26,28.0,0,0,0,True,True,Fake
Chris Flores cita morte de Rodrigo Rodrigues para criticar show em Brasília  ,saúde,2020-07-28,103.0,1,1,1,True,True,Real
Estudo europeu mostra que mortes infantis por coronavírus são exceção  ,saúde,2020-06-26,64.0,1,1,1,True,True,Real
Bolsonaro critica foco em vacinas e diz que pandemia é usada politicamente  ,política,2021-04-07,63.0,1,1,1,True,True,Real
"

Caio Coppolla é demitido da CNN e escreve texto sobre “momento que vivemos” #boato 
",política,2020-05-11,341.0,0,0,0,True,True,Fake
É #FAKE que foto mostre multidão em protesto contra fraude eleitoral nos EUA e em favor de Donald Trump,mundo,2020-11-19,93.0,0,0,0,True,True,Fake
É #FAKE que vídeo mostre show de fogos de artifício das Olimpíadas de Tóquio,mundo,2020-08-25,75.0,0,0,0,True,True,Fake
"Ao contrário do que afirma post,  ivermectina em altas doses pode causar até convulsão",saúde,2021-06-16,64.0,0,0,0,True,True,Fake
chinês comprar fazenda o cear e mulher parir filho e legalizar o permanência o brasil,mundo,,8.0,0,0,0,True,True,Fake
Sam Smith adia novo álbum e vai mudar seu título e detalhes das músicas  ,saúde,2020-03-30,91.0,1,1,0,True,False,Real
Redução da multa do FGTS de 40% para 20% só valerá para jovens e deverá ser acordada em contrato,política,2019-11-14,23.0,0,0,0,True,True,Fake
Frio impõe maiores cuidados com vírus de doenças respiratórias  ,saúde,2020-08-22,179.0,1,1,1,True,True,Real
"

Rotary Internacional está dando cesta básica para quem compartilhar link no WhatsApp #boato 
",entretenimento,2020-07-06,51.0,0,0,0,True,True,Fake
anita roddick dono redar the body shop roubar pelar cacicar raoni,entretenimento,2019-09-28,26.0,0,0,0,True,True,Fake
Estudo da USP analisa eficácia da colchicina contra a covid-19 e não da hidroxicloroquina,saúde,2020-08-18,16.0,0,0,0,True,True,Fake
É #FAKE que farmácias italianas distribuam hidroxicloroquina gratuitamente à população para combater a Covid,mundo,2021-05-28,46.0,0,0,0,True,True,Fake
Veja o que é #FATO ou #FAKE nas declarações dos candidatos à Prefeitura de SP na 4ª semana de campanha,política,2020-10-24,57.0,0,0,0,True,True,Fake
fake nóis whatsapp cobrar dica parir espalhar fake news,entretenimento,2019-07-31,22.0,0,0,0,True,True,Fake
Nobel de Medicina não disse que coronavírus foi criado em laboratório  ,ciência,2020-04-29,64.0,0,0,0,True,True,Fake
União reconhece estado de calamidade pública no RJ e mais três estados  ,saúde,2020-04-24,80.0,1,1,1,True,True,Real
Bolsonaro mente ao acusar a Rede Globo de omissão,política,2020-05-04,109.0,1,1,1,True,True,Real
É #FAKE que vídeos mostrem donos do Atacadão e do Carrefour pedindo fim do isolamento social,entretenimento,2020-03-31,78.0,0,0,0,True,True,Fake
Atacante brasileiro em Portugal reclama de volta do futebol  ,saúde,2020-06-12,98.0,1,1,1,True,True,Real
"Cerca de 4 mil variantes do coronavírus circulam no mundo, afirma ministro britânico",saúde,,195.0,1,1,1,True,True,Real
 Jornais uruguaios não descobriram mansão de Lula no país  ,mundo,2019-02-22,52.0,0,0,0,True,True,Fake
"

Vídeo mostra filha de Julia Roberts, Hazel, cantando com voz incrível #boato 
",entretenimento,2020-05-18,10.0,0,0,0,True,True,Fake
"

Prefeito de Parauapebas (PA) é flagrado agredindo a mãe #boato 
",política,2019-08-27,54.0,0,0,0,True,True,Fake
Covid-19: Brasil mantém mais de 32 mil novos casos pelo 2º dia consecutivo  ,saúde,2020-06-10,78.0,1,1,1,True,True,Real
"Rodrigo Pacheco, presidente do Senado, acatou projeto do voto impresso e colocou para votação",política,2021-07-03,51.0,0,0,0,True,True,Fake
"Bolsonaro diz ser imorrível, imbroxável e incomível, mas é só incompetente  ",política,2021-05-30,61.0,1,0,0,False,False,Real
fake nóis o ursal existir e o foro paulo,política,2019-09-25,28.0,0,0,0,True,True,Fake
 Presidente do BB entrega pedido de renúncia a Guedes e Bolsonaro  ,política,2020-07-24,62.0,1,1,1,True,True,Real
"
  A foto do governador de São Paulo em um almoço foi tirada antes da detecção da covid-19",brasil,2021-03-11,83.0,0,0,0,True,True,Fake
NBA lança máscaras de suas equipes para ajudar afetados pelo coronavírus  ,saúde,2020-04-17,85.0,1,1,1,True,True,Real
Pari e Campo Belo têm maiores taxas de mortes por Covid-19 na cidade de SP; Raposo Tavares tem alta de 70% nos óbitos ,saúde,2020-06-12,97.0,1,1,1,True,True,Real
Diferença entre resultados de pesquisa e de eleição não implica fraude,política,2020-11-23,30.0,0,1,0,False,True,Fake
"""Cada um de nós é um Boulos"", diz Erundina após candidato contrair vírus  ",política,2020-11-28,49.0,1,1,1,True,True,Real
Sepultamentos cresceram 47% em um mês no maior cemitério de São Paulo  ,política,2020-05-14,67.0,0,0,0,True,True,Fake
"

Hackers descobrem que Bill Gates, OMS e laboratório de Wuhan criaram o coronavírus a partir do HIV #boato 
",mundo,2020-04-23,105.0,0,0,1,True,False,Fake
É #FAKE que Pfizer fez alerta de que vacina contra Covid-19 causa má-formação em fetos,saúde,2021-05-12,64.0,0,0,0,True,True,Fake
É #FAKE que imagens provem que Hospital Moinhos de Vento não lotou de pacientes com Covid-19,saúde,2021-03-04,70.0,0,0,0,True,True,Fake
Ministro Queiroga vacina moradora de Botucatu (SP) em pesquisa inédita apoiada pelo Governo Federal,saúde,2021-05-16,90.0,1,1,1,True,True,Real
"Coronavírus ameaça abastecimento global de antibióticos, diz grupo empresarial europeu  ",saúde,2020-02-18,53.0,1,1,1,True,True,Real
o nasa afirmar asteroide atingir o terra outubro,saúde,,55.0,0,0,0,True,True,Fake
"Em promoção de oficiais, Bolsonaro diz que Exército garante estabilidade do país  ",política,2021-04-08,47.0,1,1,1,True,True,Real
"

Bolsonaro convoca reservistas brasileiros para apoiar os EUA na 3ª Guerra Mundial no Irã #boato 
",brasil,2020-01-05,25.0,0,0,0,True,True,Fake
"Homem xinga médica no DF em hospital dedicado à covid-19: ""sua louca""  ",saúde,2020-06-13,129.0,1,1,0,True,False,Real
Ação da PF não reduziu em 90% o número de mortes por covid-19 no Ceará  ,política,2020-06-02,39.0,0,0,0,True,True,Fake
"Após queda de 61% de cirurgias eletivas, médicos esperam explosão de demanda  ",saúde,2020-08-24,140.0,1,1,1,True,True,Real
É #FAKE que vídeo prove que é possível fraudar urna eletrônica,política,2020-11-18,79.0,0,0,0,True,True,Fake
Médico que atende vítimas de covid-19 sai de casa para proteger o filho  ,saúde,2020-03-23,71.0,1,1,1,True,True,Real
"

Ri Happy está dando kits de brinquedos grátis em site no WhatsApp #boato 
",entretenimento,2019-10-10,73.0,0,0,0,True,True,Fake
"Lei assinada por Bolsonaro em fevereiro prevê vacinação compulsória, diferentemente do que ele afirmou",saúde,2020-09-03,19.0,0,0,0,True,True,Fake
Opep acentua projeção de queda para demanda global de petróleo em 2020  ,saúde,2020-05-13,146.0,1,1,1,True,True,Real
Paraná negocia acordo com a Rússia para produzir vacina contra covid-19  ,saúde,2020-07-26,65.0,1,1,1,True,True,Real
Associação de Tênis dos EUA diz que ninguém deveria jogar durante pandemia  ,saúde,2020-04-03,78.0,1,1,1,True,True,Real
É #FAKE que médico do Samu de Salvador tenha sido alvo de pergunta racista em entrevista após vacinação,brasil,2021-01-22,53.0,0,0,0,True,True,Fake
É #FAKE que foto mostre pessoa fingindo carregar corpo de vítima de Covid-19,saúde,2020-06-03,111.0,0,0,0,True,True,Fake
Quatro dúvidas que ainda restam sobre todas as vacinas contra a covid-19,saúde,2021-01-30,69.0,1,1,1,True,True,Real
"Toque de recolher: 'Melhor ação rápida que tratamento longo', diz Rui Costa  ",saúde,2020-05-16,81.0,1,1,1,True,True,Real
Pesquisadores culpam Bolsonaro por crise na covid e dizem ser 'ignorados'  ,saúde,2021-04-27,70.0,1,1,1,True,True,Real
"

Bolsonaro é ovacionado ao chegar em aeroporto no Equador, mostra vídeo #boato 
",política,,51.0,0,0,0,True,True,Fake
É #FAKE que filho do motorista de Marielle não recebe pensão por morte do pai,política,2019-05-22,111.0,0,0,0,True,True,Fake
"
  É montagem a foto da ex-presidente Dilma jovem ao lado de Fidel Castro",política,2020-10-19,48.0,0,0,0,True,True,Fake
Coronavírus: uso de máscaras no comércio passa a ser obrigatório em Manaus  ,saúde,2020-05-11,102.0,1,1,1,True,True,Real
"

Plataforma de petróleo que afundou em Maracaibo (Venezuela) é a causa do óleo nas praias do Brasil #boato 
",mundo,,97.0,0,0,0,True,True,Fake
Feiras de alimentos frescos de Wuhan lutam para sobreviver após COVID-19  ,saúde,2020-04-16,86.0,1,1,1,True,True,Real
Sair de casa 1 vez por semana e sem transporte: a situação dos brasileiros na Bolívia  ,saúde,2020-04-11,93.0,1,1,1,True,True,Real
"
  A frase sobre “o pior da peste” não faz parte da obra de Albert Camus, nem foi escrita por ele",saúde,,90.0,0,0,0,True,True,Fake
"

Promoção Sonho de Pai do Mercado Livre dá prêmios no WhatsApp #boato 
",entretenimento,2021-07-11,84.0,0,0,0,True,True,Fake
Maranhão recebe mais 116.800 mil doses de vacina contra a Covid-19,saúde,2021-03-17,74.0,1,1,1,True,True,Real
É falso que urna eletrônica não permite recontagem de votos no Brasil  ,política,2020-10-07,41.0,0,0,0,True,True,Fake
Portugal tem primeiro dia sem mortes pelo coronavírus desde março  ,saúde,2020-08-03,64.0,1,1,1,True,True,Real
"

Sérgio Moro pediu para sair do governo de Bolsonaro #boato 
",política,2019-03-04,40.0,0,0,0,True,True,Fake
PGR é contra pedido de Flávio para anular decisões do caso das rachadinhas  ,política,2020-10-06,102.0,1,1,1,True,True,Real
Como ajudar seu filho a se manter motivado para a reta final do ano letivo,ciência,,174.0,1,1,1,True,True,Real
É #FAKE mensagem que diz que coco quente mata câncer ,ciência,2018-12-05,66.0,0,0,0,True,True,Fake
"Smartmatic, que forneceu urnas para a Venezuela, nunca vendeu aparelhos para o Brasil",política,2020-11-13,20.0,0,0,0,True,True,Fake
Aliado de Bolsonaro sofre nova condenação por dossiê contra antifascistas  ,política,2021-02-09,65.0,1,0,0,False,False,Real
Luta por futuro do Judiciário dos EUA é prévia do que acontecerá no Brasil  ,política,2020-09-19,89.0,1,0,0,False,False,Real
"Item obrigatório, modelos de máscaras se multiplicam; veja opções  ",saúde,2020-05-24,103.0,1,1,1,True,True,Real
É #FAKE que foto de homem espancado mostra funcionário do Carrefour suspeito de matar cachorro,entretenimento,2018-12-06,61.0,0,0,0,True,True,Fake
"

Sérgio Moro mandou retirar tomadas das cadeias brasileiras #boato 
",política,,61.0,0,0,0,True,True,Fake
"Coronavírus: Prefeitura suspende ônibus, e PMs da Grande SP pedem carona  ",saúde,2020-03-25,70.0,1,1,1,True,True,Real
Fato ou Fake lança bot exclusivo para checar conteúdos duvidosos,entretenimento,2020-11-11,57.0,0,0,1,True,False,Fake
Lewandowski pede parecer da PGR sobre reunião da defesa de Flávio com GSI  ,política,2020-11-11,68.0,1,1,1,True,True,Real
Vacinas contra covid-19 no Brasil passaram por testes de segurança  ,saúde,2021-06-23,99.0,0,0,0,True,True,Fake
"

CEO da Pfizer disse que não vai tomar a vacina contra Covid-19 #boato 
",saúde,,51.0,0,0,0,True,True,Fake
"
  Não há evidências científicas sobre a necessidade de trocar escova dental após caso de covid-19",saúde,,101.0,0,0,0,True,True,Fake
"
  De cinco imagens atribuídas à marcha pró-Trump de 14 de novembro, apenas uma é verdadeira",política,2020-11-18,54.0,0,0,0,True,True,Fake
É #FAKE que vacinas contenham ímãs e causem magnetismo,saúde,2021-06-07,80.0,0,0,0,True,True,Fake
É #FAKE que polícia prendeu homem negro em ato após morte de George Floyd e descobriu que ele era agente do FBI,mundo,2020-06-02,107.0,0,0,0,True,True,Fake
Agência Europeia de Medicamentos antecipa decisão sobre vacina da Moderna  ,saúde,2020-12-17,36.0,1,1,1,True,True,Real
"

JBS (Friboi, Seara e Maturatta) tem vagas para quem compartilhar link no WhatsApp #boato 
",entretenimento,2020-07-22,43.0,0,0,0,True,True,Fake
OMS planeja aprovar vacinas de diversas empresas para agilizar imunização globalmente  ,saúde,2021-01-20,63.0,1,1,1,True,True,Real
Não há provas de que vacina da Pfizer tenha causado paralisia em teste  ,política,2020-12-22,82.0,0,1,1,False,False,Fake
Veja o que é #FATO ou #FAKE nas declarações dos candidatos à Prefeitura de SP na 3ª semana de campanha,política,2020-10-17,71.0,0,0,0,True,True,Fake
"

Juan Guaidó responde Bolsonaro após indireta a José de Abreu no Twitter #boato 
",política,2019-03-10,70.0,0,0,0,True,True,Fake
"

Decreto 9745 acaba com conselhos de classe e com Exame da OAB #boato 
",brasil,2019-04-23,95.0,0,0,0,True,True,Fake
"

Print prova que bolsonaristas ganharam R$ 150 para irem na manifestação de 1º de maio #boato 
",brasil,,84.0,0,0,0,True,True,Fake
"Coronavírus: Grupo Air France cortará mais de 7,5 mil empregos  ",saúde,2020-07-03,65.0,1,1,1,True,True,Real
Alerj aprova 10 sessões para defesa do impeachment de Witzel  ,política,2020-07-06,111.0,1,1,1,True,True,Real
É #FAKE imagem de extrato bancário com depósito de auxílio emergencial em conta com saldo milionário ,entretenimento,2020-04-09,62.0,0,0,0,True,True,Fake
"

Ricardo Salles foi envenenado por governadores e teve que ser internado em 2021 #boato 
",política,2021-04-18,46.0,0,0,0,True,True,Fake
"

Policiais que salvaram idosa em Valença (RJ) serão investigados pelo Ministério Público #boato 
",brasil,2018-12-11,96.0,0,1,1,False,False,Fake
É #FAKE que TRE-RJ suspendeu resultado da eleição em Queimados,política,2020-11-29,57.0,0,0,0,True,True,Fake
"Bolsonaro anuncia comitê de combate à covid-19 após um ano de pandemia: ""A vida em primeiro lugar""  ",política,2021-03-24,27.0,1,1,1,True,True,Real
Bolsonaro considera criar 3 ministérios se tiver aliados nos comandos da Câmara e do Senado  ,política,2021-01-29,61.0,1,1,1,True,True,Real
"Desempenho de Covas fica abaixo dos votos brancos, nulos e abstenções   ",política,2020-11-29,73.0,1,1,1,True,True,Real
Liga Mundial de Surfe anuncia cancelamento de competições de março  ,saúde,2020-03-12,86.0,1,1,1,True,True,Real
"Aras deveria sofrer impeachment por omissão, afirma Maierovitch  ",saúde,2021-01-20,63.0,1,1,1,True,True,Real
Nova economista-chefe do BM pede que G20 estenda alívio da dívida  ,saúde,2020-07-17,66.0,1,1,1,True,True,Real
Desafios da internet colocam a saúde dos adolescentes em risco,ciência,,286.0,1,1,1,True,True,Real
É enganoso que e-mail de Fauci prove origem do coronavírus em laboratório  ,ciência,2021-06-25,70.0,0,0,1,True,False,Fake
"

Atacadão obriga que funcionários usem roupas camufladas em homenagem ao golpe de 1964 #boato 
",brasil,2019-04-01,81.0,0,0,0,True,True,Fake
México e EUA prorrogam restrições na fronteira por um mês devido à covid-19  ,saúde,2020-12-11,107.0,1,1,1,True,True,Real
É #FAKE que vídeo mostre telhado cheio de morcegos fonte do coronavírus na China,saúde,2020-02-28,57.0,0,0,0,True,True,Fake
"

Vacina chinesa causa dano genético e causou reações adversas graves em grande número de voluntários #boato 
",saúde,2020-09-27,124.0,0,0,0,True,True,Fake
"Para especialistas, Brasil vive ‘apagão’ de dados sobre a Covid-19",ciência,,341.0,1,1,1,True,True,Real
É #FAKE que há apenas duas faculdades de medicina em Cuba que só formam 300 médicos por ano,brasil,2018-11-21,146.0,0,0,0,True,True,Fake
É #FAKE vídeo que mostra aeronave passando entre torres do Congresso,política,2021-01-19,50.0,0,0,0,True,True,Fake
Gilmar Mendes deve decidir a favor do governo de SP sobre missas e cultos  ,política,2021-04-04,71.0,1,1,1,True,True,Real
Veja o que é #FATO ou #FAKE nas declarações dos candidatos à Prefeitura de Belo Horizonte na 3ª semana de campanha,política,2020-10-16,64.0,0,0,0,True,True,Fake
Consórcio Nordeste envia relatório à Anvisa e espera liberação da Sputnik V  ,saúde,2021-05-21,101.0,1,1,1,True,True,Real
"

Fernanda Torres disse “dane-se o povo se o vírus cumprir missão de abreviar o governo” #boato 
",entretenimento,2020-07-05,36.0,0,0,0,True,True,Fake
"

Regina Duarte escreve carta aos 500 artistas que assinaram nota de repúdio #boato 
",entretenimento,2020-05-17,116.0,0,0,0,True,True,Fake
"Trudeau não forçará fábricas de carne a trabalhar, como fez Trump nos EUA  ",saúde,2020-04-29,128.0,1,1,1,True,True,Real
Sesc-DF abre licitação para comprar 100 mil doses de vacina de covid-19  ,saúde,2021-01-05,60.0,1,1,1,True,True,Real
"Bolsonaro ataca Biden, cita cobiça sobre Amazônia e diz não aceitar suborno  ",política,2020-09-30,116.0,1,1,1,True,True,Real
França já fez testes nucleares na Ásia e foi processada pela poluição do ar  ,mundo,2019-09-03,89.0,0,1,1,False,False,Fake
Planalto faz ranking vinculando número de mortes a governadores adversários  ,política,2020-08-10,93.0,1,1,1,True,True,Real
"Nuvem de gafanhotos desvia do Brasil, mas vai para o Twitter na forma de memes",ciência,,330.0,1,1,1,True,True,Real
"

Vacina chinesa testada em SP não foi aplicada em voluntária e tudo é uma farsa de Doria #boato 
",saúde,2020-07-25,64.0,0,0,0,True,True,Fake
"

Plandemic revela verdade sobre falsa pandemia da Covid-19 e máfia das vacinas #boato 
",saúde,2020-05-13,58.0,0,0,0,True,True,Fake
"

Máscaras e cotonetes da China estão vindo com vermes, parasitas e “morgellons” #boato 
",saúde,2021-06-17,201.0,0,0,0,True,True,Fake
Deputados apontam intenção de 'golpe' em pauta de líder do PSL  ,política,2021-03-30,61.0,1,1,1,True,True,Real
"
  Este trem não possui a inscrição “COVID-19”, seu fabricante afirma que a foto viral é uma montagem",saúde,2020-03-24,95.0,0,0,0,True,True,Fake
"

Jorge Jesus vai deixar o Flamengo porque esposa descobriu uma amante dele no Rio #boato 
",entretenimento,,82.0,0,0,0,True,True,Fake
É falso que Italo Ferreira pediu prisão de Lula na entrega da medalha  ,política,2021-07-30,53.0,0,0,0,True,True,Fake
"Tribunais de contas têm até 5 anos para anular aposentadoria de servidores, decide STF",política,2020-02-19,82.0,1,1,1,True,True,Real
Veja o que é #FATO ou #FAKE no discurso de Bolsonaro na ONU,política,2020-09-22,66.0,0,0,0,True,True,Fake
Paciente de coronavírus morre no Acre após blecaute causado por animal  ,saúde,2020-05-22,75.0,1,1,1,True,True,Real
É #FAKE capa do Charlie Hebdo com sátira a Jair Bolsonaro,política,2019-08-23,91.0,0,0,0,True,True,Fake
governar maranhão vir fornecer kit cloroquina parir tratamento covid-19,política,2020-05-19,13.0,0,0,0,True,True,Fake
É #FAKE que Felipe Neto incentivou crianças a acessarem fóruns que promovem pedofilia,entretenimento,2019-09-11,79.0,0,0,0,True,True,Fake
 UFTM produz viseiras em impressora 3D para profissionais de saúde que atuam no combate ao coronavírus em Uberaba,ciência,2020-03-31,69.0,1,1,1,True,True,Real
Hospital de Israel saturado pela Covid-19 instala leitos no estacionamento,saúde,2020-09-24,86.0,1,1,1,True,True,Real
"

Embaixador da China diz que Dilma cedeu costa brasileira para pesca chinesa por 25 anos #boato 
",política,2020-08-31,44.0,0,0,0,True,True,Fake
"

Bombeiros está com vagas de emprego para quem compartilhar no WhatsApp #boato 
",entretenimento,,79.0,0,0,0,True,True,Fake
"Ao prometer vacina, ministro da Saúde confirma que não entende de saúde  ",política,2020-09-09,112.0,1,1,1,True,True,Real
É #FAKE que Anvisa liberou Ivermectina e ainda ampliou sua dosagem para tratamento de Covid-19,saúde,2021-04-07,72.0,0,0,0,True,True,Fake
"Argentina chega a 500 mortes por coronavírus, com 8 nas últimas horas  ",saúde,2020-05-28,79.0,1,1,1,True,True,Real
Cidade onde Bolsonaro se criou tem quilombola do PT enfrentando centrão  ,política,2020-10-17,92.0,1,1,1,True,True,Real
verdade curitibano registrar o filhar o nome “ ameno dorime ”,entretenimento,,33.0,0,0,0,True,True,Fake
"

Vídeo mostra golpe do cartão Itaú Personalité que passou no Fantástico #boato 
",brasil,2021-06-02,94.0,0,0,0,True,True,Fake
Pazuello culpa mudança de logística por atraso em entrega de vacinas a estados  ,saúde,2021-01-18,60.0,1,1,1,True,True,Real
"

Carlos Bolsonaro mora em Brasília apesar de ser candidato no Rio de Janeiro #boato 
",política,2020-11-04,38.0,0,1,0,False,True,Fake
"
  A atriz Maria Flor não “abocanhou” R$ 10 milhões da Lei Rouanet",brasil,,114.0,0,0,0,True,True,Fake
"

Vacinação contra gripe em idosos será por ordem alfabética em todo Brasil #boato 
",saúde,2020-03-24,83.0,0,0,0,True,True,Fake
"Amazonas já transferiu 506 pacientes, em ação articulada para desafogar os hospitais",saúde,2021-02-04,92.0,1,1,1,True,True,Real
Queiroga cita 'distanciamento social inteligente' como medida contra covid  ,saúde,2021-03-18,103.0,1,1,1,True,True,Real
"

Rui Costa, Jacques Wagner e Otto Alencar são filmados no forró durante pandemia #boato 
",política,2021-06-17,113.0,0,0,0,True,True,Fake
Moro nega conflito ético ao ligar-se a escritório que atende a Odebrecht  ,política,2020-11-30,66.0,1,1,1,True,True,Real
"

Lotes da cerveja Glacial estão contaminados com substância tóxica #boato 
",brasil,2020-01-16,50.0,0,1,0,False,True,Fake
"

Vídeo incrível mostra como Bolsonaro vai construir a ponte do Xingu #boato 
",política,2020-07-23,40.0,0,0,0,True,True,Fake
É #FAKE que tossir pode ajudar a sobreviver a um infarto,ciência,2019-07-10,98.0,0,0,0,True,True,Fake
"Centrão: aliado de ACM Neto, João Roma é nomeado ministro da Cidadania  ",política,2021-02-12,50.0,1,1,1,True,True,Real
vídeo mostrar o lançamento termo óculo realidade aumentar,entretenimento,2020-07-28,12.0,0,0,0,True,True,Fake
"Desde 2012, Brasil elege só uma mulher por eleição para comandar capitais  ",política,2020-11-30,48.0,1,1,1,True,True,Real
"Com covid acelerada no AM, Justiça fala em mais auxílio e proíbe jatinho  ",saúde,2021-02-03,77.0,1,1,1,True,True,Real
Justiça suspende compra de 100 mil testes para detectar covid-19 no DF  ,saúde,2020-07-03,119.0,1,1,1,True,True,Real
Post mistura dados verdadeiros com números incorretos sobre financiamentos do BNDES nos governos do PT,política,2019-11-28,20.0,0,0,0,True,True,Fake
Técnicos reforçam segurança do TSE após ataque hacker ao STJ  ,política,2020-11-07,128.0,1,1,1,True,True,Real
"Bolsonaro critica Senado por reajuste a servidores: ""impossível governar""  ",política,2020-08-20,114.0,1,1,1,True,True,Real
"No pior da pandemia, Queiroga se equilibra entre ""receituário"" de Bolsonaro e cobrança por vacinas  ",política,2021-03-16,190.0,1,1,1,True,True,Real
Polícia dos EUA não vê relação entre morte de cientista chinês e pesquisa sobre mecanismo de infecção pelo novo coronavírus,saúde,2020-05-20,27.0,0,0,0,True,True,Fake
"

Governo federal reduz valor dos impostos dos combustíveis #boato 
",política,2020-02-09,86.0,0,0,0,True,True,Fake
"Amazônia: sem vistoriar, Governo vai dar escritura a milhares de ocupações  ",política,2020-07-15,82.0,1,1,1,True,True,Real
"

CRAS está dando cestas básicas grátis para quem compartilhar link no WhatsApp #boato 
",entretenimento,,95.0,0,0,0,True,True,Fake
Unicamp confirma caso de hepatite medicamentosa relacionada ao 'kit covid'  ,política,2021-03-24,99.0,1,0,1,False,True,Real
É #FAKE que Código Eleitoral permite que pessoas cometam crimes violentos e não sejam presas na véspera do pleito,política,2020-11-14,97.0,0,0,0,True,True,Fake
"No Rio com recorde de mortes por covid, governantes liberam boates e folia  ",saúde,2021-01-14,68.0,1,1,1,True,True,Real
Os primeiros da fila: leia relatos de quem vai inaugurar a vacinação da Covid-19 no Reino Unido,saúde,,189.0,1,1,1,True,True,Real
"

Foto mostra pessoas voando em meio a nuvem de fumaça após explosão em Beirute (Líbano) #boato 
",mundo,,60.0,0,0,0,True,True,Fake
Médico não terá CRM cassado caso se recuse a prescrever hidroxicloroquina  ,saúde,2020-07-27,67.0,0,0,0,True,True,Fake
É #FAKE que vídeo mostre encontro entre Toffoli e Glenn Greenwald em restaurante,política,2019-08-08,88.0,0,0,0,True,True,Fake
PF faz operação contra desvios na compra de máscaras no Tocantins  ,saúde,2020-06-03,115.0,1,1,1,True,True,Real
Casos de coronavírus no Brasil em 29 de março,ciência,2020-03-29,62.0,1,1,1,True,True,Real
É #FAKE que governo federal tem distribuído kits anti-Covid com medicamentos a estados e municípios,saúde,2020-09-08,71.0,0,0,0,True,True,Fake
"MPF denuncia José Dirceu, Renato Duque e mais 13 por corrupção na Petrobras  ",política,2021-02-10,120.0,1,1,1,True,True,Real
Bolsonaro apaga post em que mostrava seus 'votos' para candidatos aliados  ,política,2020-11-15,83.0,1,1,1,True,True,Real
"'Se não quer jogar, fique em casa e assista ao Alemão', diz Mourinho  ",saúde,2020-05-14,81.0,1,1,1,True,True,Real
"Debate UOL/Folha: acusações, pandemia e propostas; confira o resumo do encontro com os candidatos    ",política,2020-11-11,35.0,1,1,1,True,True,Real
"Para Mandetta, trocas de ministros e ritmo de contágio da Covid-19 ajudaram a aumentar casos da doença no Brasil",política,2020-05-25,113.0,1,1,1,True,True,Real
"

Copie e cole mensagem para driblar algoritmo do Facebook que só mostra 25 amigos #boato 
",entretenimento,2020-04-20,48.0,0,0,0,True,True,Fake
"

Prefeituras ganham R$ 8 mil e médicos ganham R$ 1 mil por diagnóstico positivo de Covid-19 #boato 
",política,2021-04-16,279.0,0,0,0,True,True,Fake
"Mundial de Clubes da China deve ficar para 2022, diz jornal espanhol  ",saúde,2020-04-14,80.0,1,1,1,True,True,Real
"

Primeira-dama Michelle Bolsonaro faz desabafo sobre tragédia de Brumadinho #boato 
",política,2019-01-28,101.0,0,0,0,True,True,Fake
Saúde atualiza sistema de gestão de informações de residentes,saúde,2021-02-01,98.0,1,1,1,True,True,Real
o jornal the new york times publicar o capar o manifestação o bolsonaro,mundo,,25.0,0,0,0,True,True,Fake
É enganoso que Doria recebeu R$19 bi de Bolsonaro para o combate à covid-19  ,saúde,2021-02-08,97.0,1,1,1,True,True,Real
"China concede primeira patente de vacina contra Covid-19 para CanSino, diz mídia estatal",ciência,2020-08-17,125.0,1,1,1,True,True,Real
Itália exige 'respeito' dos países da UE em reabertura das fronteiras  ,saúde,2020-05-30,94.0,1,1,1,True,True,Real
Veja o que é #FATO ou #FAKE nas declarações dos candidatos à Prefeitura de SP na 3ª semana de campanha,política,2020-10-17,60.0,0,0,0,True,True,Fake
Doria vai a Miami na hora em que explode a 'bomba' que armou nas eleições  ,saúde,2020-12-24,73.0,1,0,0,False,False,Real
É #FAKE foto de presos com a faixa 'Alexandre Moraes no STF' durante rebelião,política,2020-05-05,73.0,0,0,0,True,True,Fake
Jornalistas da Globo não usaram vermelho no dia em que Lula foi solto  ,entretenimento,2019-11-12,95.0,0,0,0,True,True,Fake
Homem recebe auxílio emergencial de US$ 8 milhões nos EUA  ,saúde,2020-04-15,67.0,1,1,1,True,True,Real
"
  É falso que os votos de uma candidata no Tocantins tenham reduzido ao longo da apuração",brasil,2020-11-19,80.0,0,0,0,True,True,Fake
"Índia prorroga confinamento por duas semanas, mas reduz restrições  ",saúde,2020-05-02,81.0,1,1,1,True,True,Real
Carrefour: Governador do RS e secretário prometem rigor na investigação  ,política,2020-11-20,58.0,1,1,1,True,True,Real
Dia da Mentira: seis boatos checados pelo Fato ou Fake que continuam a circular nas redes,entretenimento,2019-04-01,45.0,0,0,0,True,True,Fake
Comitê de SP não crê em vacina rápida: 'Vamos ter que conviver com o vírus'  ,saúde,2020-05-14,97.0,1,1,1,True,True,Real
fake nóis o fake news envolver o seriar chave,entretenimento,,35.0,0,0,0,True,True,Fake
"

Cracuda da Mangueira era fisioterapeuta (fisiculturista), modelo e morava na Tijuca #boato 
",brasil,2019-12-13,65.0,0,0,0,True,True,Fake
Áudio inventa que produção de montadora está esgotada até 2021 para afirmar que Brasil pode se tornar maior economia do mundo,política,2019-11-14,27.0,0,0,0,True,True,Fake
Reino Unido: venda de contraceptivos cai na pandemia; gravidez pode crescer  ,saúde,2020-06-24,95.0,1,1,1,True,True,Real
"

Bolsonaro grava vídeo de apoio à greve dos caminhoneiros de 2019 #boato 
",política,2019-12-17,18.0,0,0,0,True,True,Fake
Futebol na TV está bagunçado e caro. Nem essa alegria o brasileiro tem mais  ,política,2020-10-14,57.0,1,0,0,False,False,Real
Kate Middleton seleciona 100 fotos sobre a vida na pandemia para exposição virtual,saúde,2020-09-14,100.0,1,1,1,True,True,Real
Veja o que é #FATO ou #FAKE nas declarações dos candidatos à Prefeitura de SP na 2ª semana de campanha,política,2020-10-10,76.0,0,0,0,True,True,Fake
"

Localiza Hertz está com vagas de emprego em site no WhatsApp #boato 
",entretenimento,2019-09-30,25.0,0,0,0,True,True,Fake
Coronavírus: balanço da OMS registra 307.395 mortes e 4.525.497 casos no mundo  ,saúde,2020-05-17,85.0,1,1,1,True,True,Real
Reino Unido registra mais 149 mortes em decorrência da covid-19  ,saúde,2020-06-25,93.0,1,1,1,True,True,Real
"

Chef de cozinha francês é processado após colocar sêmen em sobremesas de restaurante #boato 
",mundo,2020-09-16,97.0,0,0,0,True,True,Fake
"

Drone tira foto de Neymar com outros homens em festa de ano novo #boato 
",entretenimento,2021-01-02,42.0,0,0,0,True,True,Fake
"

George Soros foi preso na Suíça, será extraditado para os EUA e condenado à morte #boato 
",mundo,2020-04-18,184.0,0,0,0,True,True,Fake
"

Tiffany & Co. está dando presentes grátis em site no WhatsApp #boato 
",entretenimento,2021-06-02,96.0,0,0,0,True,True,Fake
motel pego fogo e casar sair correr quase roupar verdade,entretenimento,,14.0,0,0,0,True,True,Fake
"Temporão: ""Ação do governo é obscena, não há tratamento precoce para covid""  ",política,2021-01-12,69.0,1,0,1,False,True,Real
Flávio Bolsonaro faz BO contra Ivan Valente (PSOL) por denunciação caluniosa  ,política,2021-04-06,116.0,1,1,1,True,True,Real
"

Agricultores franceses jogam esterco na janela do quarto de Macron #boato 
",mundo,2021-07-27,53.0,0,0,0,True,True,Fake
"Para 2021, governo prevê maior orçamento para Defesa do que para Educação  ",política,2020-08-17,118.0,1,1,1,True,True,Real
É #FAKE que a Covid é um plano internacional de controle e redução da população lançado em 2020,política,2020-09-01,90.0,0,0,0,True,True,Fake
toninho diabo converter e passar o contar detalhe passar mundano,entretenimento,2019-12-20,40.0,0,0,0,True,True,Fake
homem bater o esposo confundir suar meia-calça umar cobrar verdade,entretenimento,2019-03-15,15.0,0,0,0,True,True,Fake
Post exagera ao creditar só a Bolsonaro recursos para educação e Amazônia  ,política,2019-09-13,90.0,0,1,1,False,False,Fake
rapaz engravidar jovem obrigar o abortar o 3ª luzir trigêmeos,entretenimento,,36.0,0,0,0,True,True,Fake
"

José Dirceu diz “estamos trilhando o caminho da vitória, derrotamos Trump” no Twitter #boato 
",política,2021-01-10,43.0,0,0,0,True,True,Fake
"
  Nove parlamentares apresentaram emenda para importar a Covaxin, Randolfe não está entre eles ",política,2021-06-29,92.0,0,0,0,True,True,Fake
Toffoli nega recurso de Witzel para adiar julgamento no STJ,política,2020-09-02,118.0,1,1,1,True,True,Real
"A embaixador chinês, presidente do Senado fala em 'relação construtiva'  ",política,2021-05-07,53.0,1,1,1,True,True,Real
MP 'dribla' anistia ao usar sequestro para acusar delegado na ditadura  ,política,2021-02-02,99.0,1,1,1,True,True,Real
"

Lista de veículos recuperados no Morro do Chapadão, no Rio, é divulgada #boato 
",brasil,2018-12-14,54.0,0,0,0,True,True,Fake
Veja o que é #FATO ou #FAKE nas declarações dos candidatos à Prefeitura de SP na 3ª semana de campanha,política,2020-10-17,58.0,0,0,0,True,True,Fake
"

Brasil descobre que anticoagulantes são a cura do novo coronavírus #boato 
",saúde,2020-04-25,51.0,0,0,0,True,True,Fake
"

Deus mandou chuva para Austrália hoje após cristãos se ajoelharem e orarem, mostra vídeo #boato 
",entretenimento,2020-01-16,65.0,0,0,0,True,True,Fake
"

Luciano Hang, da Havan, anuncia doação de 200 cilindros de oxigênio para Manaus #boato 
",saúde,2021-01-23,37.0,0,0,0,True,True,Fake
Opositores chamam Bolsonaro de genocida após incentivo de uso do kit covid  ,política,2021-03-24,99.0,1,1,1,True,True,Real
Tuítes tiram live de contexto para insinuar que senador defende tratamento precoce,saúde,2021-06-03,33.0,0,0,0,True,True,Fake
É #FAKE que governo do PT criou 'Bolsa usuário' para pessoas viciadas em drogas,política,2020-02-24,76.0,0,0,0,True,True,Fake
Pfizer começa a imunizar voluntários que tomaram placebo em teste no Brasil de vacina contra covid  ,saúde,2021-01-20,66.0,1,1,1,True,True,Real
"

Pesquisa aponta que homens que gostam de “amor por trás” com parceiras são gays enrustidos #boato 
",ciência,2019-06-05,75.0,0,0,0,True,True,Fake
Queiroga diz que Fiocruz vai produzir insumo nacional para vacina em agosto  ,política,2021-04-09,41.0,1,1,1,True,True,Real
Oposição comemora decisão do STF sobre CPI da Covid e vê Bolsonaro culpado  ,política,2021-04-14,92.0,1,1,1,True,True,Real
"Após Bolsonaro furar isolamento, Mandetta fala em 'não apontar dedo'  ",saúde,2020-03-16,93.0,1,1,1,True,True,Real
6 vezes em que políticos ignoraram orientações contra covid no 2° turno  ,política,2020-11-29,65.0,1,1,1,True,True,Real
"

Olavo de Carvalho escreve texto sobre morte de Ricardo Boechat e “esquerdistas” #boato 
",brasil,2019-02-14,182.0,0,0,0,True,True,Fake
"Brasil aplicou ao menos uma dose de vacina em mais de 10 milhões, aponta consórcio de veículos de imprensa",saúde,2021-03-15,62.0,1,1,1,True,True,Real
Alemanha fecha acordo com BioNTech para 30 milhões de doses da vacina  ,saúde,2020-12-28,70.0,1,1,1,True,True,Real
DSEI Yanomami: equipes de saúde indígena reforçam atendimento nas aldeias,saúde,2021-03-15,145.0,1,1,1,True,True,Real
"

Amanhã começa a nova regra do Facebook e publicações podem ser usadas em julgamentos #boato 
",entretenimento,2020-08-11,49.0,0,0,0,True,True,Fake
"
  O vídeo em que Caetano e Maria Bethânia aparecem sem máscara é anterior à pandemia ",brasil,2021-01-12,93.0,0,0,0,True,True,Fake
fake nóis o principal fake news envolver o ataque setembro,entretenimento,2019-09-11,23.0,0,0,0,True,True,Fake
Imigrante mexicano detido nos EUA morre de covid-19  ,saúde,2021-02-01,107.0,1,1,1,True,True,Real
Coronavírus: Últimas notícias e o que sabemos até esta sexta-feira (08)  ,saúde,2020-05-08,126.0,1,1,1,True,True,Real
funcionário mandar áudio irritar parir o sr armar causar chuva o rir janeiro verdade,entretenimento,2019-04-10,30.0,0,0,0,True,True,Fake
Veja o que é #FATO ou #FAKE nas declarações dos candidatos à Prefeitura de SP na 4ª semana de campanha,política,2020-10-24,60.0,0,0,0,True,True,Fake
"Datafolha: 49% apoiam impeachment de Bolsonaro, e 46% se dizem contrários",brasil,,200.0,1,1,1,True,True,Real
Assembleia de SP aprova R$ 320 milhões para combate ao coronavírus  ,saúde,2020-05-01,58.0,1,1,1,True,True,Real
"

Bolsonaro é escolhido como o idiota do ano pela revista Time #boato 
",política,2019-12-12,60.0,0,0,0,True,True,Fake
ouvir o participação e-farsas o podtech canal futuro,saúde,2020-05-17,61.0,0,0,0,True,True,Fake
"

Presidente da Colômbia mandou matar quem estiver nas ruas contra o lockdown #boato 
",mundo,2021-05-06,60.0,0,0,0,True,True,Fake
Por que especialistas defendem que presos estejam entre grupos prioritários na vacinação contra a Covid-19,ciência,2020-12-20,87.0,1,1,1,True,True,Real
"

Rodrigo Maia e Clarissa Garotinho lançam candidatura à Prefeitura do Rio de Janeiro em 2020 #boato 
",política,,64.0,0,0,0,True,True,Fake
"

Idosos morrem em Canela (RS) por causa da vacina chinesa contra Covid-19 #boato 
",saúde,2021-02-18,64.0,0,0,0,True,True,Fake
Escala de horário e sem ducha: Como será a reabertura das academias em SP  ,saúde,2020-07-11,46.0,1,1,1,True,True,Real
Apple anuncia computadores com processador próprio; veja preços no Brasil,política,2020-11-10,94.0,1,1,1,True,True,Real
Procurador se desculpa depois de ir à academia durante reabertura no RN  ,saúde,2020-07-18,112.0,1,1,1,True,True,Real
Maia não lançou candidatura à presidência para 2022  ,política,2020-03-11,35.0,0,0,0,True,True,Fake
"O É DA COISA: Lava Jato na berlinda, franquia de SP da operação mira Serra  ",política,2020-07-03,7.0,1,1,0,True,False,Real
Disputa por volta às aulas nos EUA ameaça de expulsão 20 mil brasileiros  ,saúde,2020-07-09,108.0,1,1,1,True,True,Real
"Aprovação emergencial de vacinas em outros países não pode embasar decisão da Anvisa, diz presidente  ",saúde,2020-12-10,83.0,1,1,1,True,True,Real
"Facebook admitiu que errou ao “censurar” hidroxicloroquina #boato 
",entretenimento,2021-02-04,51.0,0,0,0,True,True,Fake
2º dia de prova da Unicamp tem aluno barrado por suspeita de covid  ,saúde,2021-01-07,62.0,1,1,1,True,True,Real
Como a obesidade deixa o organismo mais propenso a complicações da covid-19  ,saúde,2020-08-06,117.0,1,1,1,True,True,Real
"OMS convoca Europa a intensificar medidas contra pandemia, que avança na Ásia  ",saúde,2021-01-07,59.0,1,1,1,True,True,Real
Hidroxicloroquina no início da covid-19 não descarta necessidade de UTI,saúde,2020-06-29,23.0,0,0,0,True,True,Fake
"Não podendo elevar sua estatura, Arthur Lira rebaixa pé-direito da Câmara   ",política,2021-02-11,72.0,1,1,0,True,False,Real
Prefeitura de SP libera volta às aulas dia 1º com 35% de capacidade  ,saúde,2021-01-14,99.0,1,1,1,True,True,Real
Lula: decisão do CNMP a favor de Dallagnol é vergonha histórica para o MP  ,política,2020-08-25,73.0,1,1,1,True,True,Real
EUA têm mais de 4 mil mortes por Covid pela 1ª vez e batem recorde de vítimas pelo 3º dia seguido,ciência,2021-01-08,77.0,1,1,1,True,True,Real
"
  Imagens mostram João Doria tomando vacina contra a gripe, não contra a COVID-19",brasil,2020-08-13,79.0,0,0,0,True,True,Fake
"
  Não há registro de uma pesquisa em que o governador de São Paulo tivesse 98% de rejeição",brasil,,77.0,0,0,0,True,True,Fake
Câmara aprova projeto para reduzir perdas de empresas de eventos durante a pandemia,saúde,2021-04-07,86.0,1,1,1,True,True,Real
Fiocruz desenvolve teste rápido capaz de detectar variantes do coronavírus,ciência,2021-02-24,86.0,1,1,1,True,True,Real
Pazuello respondeu a inquérito por obrigar soldado negro a fazer papel de animal  ,política,2021-05-30,115.0,1,0,1,False,True,Real
As notícias mais importantes sobre coronavírus de 4 de agosto,saúde,2020-08-04,74.0,1,1,1,True,True,Real
Carla Zambelli recebe alta e é declarada clinicamente recuperada da covid  ,saúde,2020-08-27,54.0,1,1,1,True,True,Real
Não há estudo que prove que usar celular no escuro cause câncer nos olhos  ,ciência,2019-01-24,42.0,0,0,0,True,True,Fake
Senador Ciro Nogueira (PP) lança pré-candidatura ao governo do Piauí  ,política,2021-04-26,84.0,1,1,1,True,True,Real
"

Baleia de quase 1 km passa por baixo da ponte junto a filhote em cidade do Brasil #boato 
",brasil,2020-03-07,118.0,0,0,0,True,True,Fake
Defesa de Lula não irá usar mensagens hackeadas em ação contra Moro no STF  ,política,2021-02-10,134.0,1,1,1,True,True,Real
Veja o que é #FATO ou #FAKE nas declarações dos candidatos à Prefeitura de SP na 7ª semana de campanha,política,2020-11-13,58.0,0,0,0,True,True,Fake
"

Carteiro ladrão é procurado por assaltar pessoas; Compartilhe foto #boato 
",brasil,2019-02-18,41.0,0,0,0,True,True,Fake
"
  A imagem de pessoas rezando ajoelhadas foi registrada em Goiânia, e não em Cuiabá",brasil,,95.0,0,0,0,True,True,Fake
MEC publica portaria que permite suspender pagamento de parcelas do Fies  ,saúde,2020-05-25,76.0,1,1,1,True,True,Real
"
  A mulher vista em vídeo sendo detida em aeronave não é a esposa do presidente da CPI da covid",brasil,2021-05-25,104.0,0,0,0,True,True,Fake
"
  O ministro Ricardo Salles não sofreu tentativa de envenenamento em agosto deste ano",brasil,,78.0,0,0,0,True,True,Fake
É #FAKE que corte em universidades ocorreu porque instituições não comprovaram destino de 30% dos recursos,entretenimento,2019-05-09,118.0,0,0,0,True,True,Fake
"Bolsonaro não é investigado pela PF por ""conta de R$ 200 milhões na Suíça""  ",política,2019-01-10,85.0,0,0,0,True,True,Fake
"Covid-19: SP quer isolamento perto de 70% durante feriado, diz secretário  ",saúde,2020-05-19,93.0,1,1,1,True,True,Real
"

Arnaldo Jabor diz “jamais vou entender o carnaval” em texto crítico #boato 
",entretenimento,2020-02-22,174.0,0,0,0,True,True,Fake
Japão confirma primeira morte por Covid-19; é a segunda fora da China,ciência,2020-02-13,89.0,1,1,1,True,True,Real
Infográfico: saiba como reconhecer e o que fazer em caso de infarto ,ciência,2020-01-26,80.0,1,1,1,True,True,Real
"

7 mensagens falsas que tentam “explicar” por que o WhatsApp caiu (+bônus) 
",entretenimento,2019-07-03,583.0,0,0,0,True,True,Fake
Doria nega fechamento do comércio em São Paulo após as eleições   ,política,2020-11-13,69.0,1,1,0,True,False,Real
"É #FAKE que Tasuku Honjo, Nobel de Medicina em 2018, disse que coronavírus foi criado por cientistas",mundo,2020-04-29,108.0,0,0,0,True,True,Fake
"PIB francês recua 6% no 1o trimestre, pior resultado desde 1945  ",saúde,2020-04-08,67.0,1,1,1,True,True,Real
"Reino Unido deve ter pico de mortes em 'duas ou três semanas', diz governo  ",saúde,2020-04-13,68.0,1,1,1,True,True,Real
Rede de supermercado não obrigou funcionários a comemorarem o golpe de 1964  ,entretenimento,2019-04-06,52.0,0,0,0,True,True,Fake
Responsável por centralizar medidas de combate ao coronavírus na Funai é exonerada,política,2020-03-31,91.0,1,1,1,True,True,Real
É #FAKE que governo do Ceará não enviou ninguém para receber carga de vacinas contra Covid em aeroporto,política,2021-05-07,72.0,0,0,0,True,True,Fake
"

Drone arranca pedaço de asa de avião durante decolagem #boato 
",mundo,,28.0,0,0,0,True,True,Fake
"Em meio a aberturas, Sul vê casos de coronavírus subirem 86% em uma semana  ",saúde,2020-05-26,204.0,1,1,1,True,True,Real
"
  Tuíte que elogia Maia por “muito trabalho e pouca mitagem” foi escrito por conta falsa de Moro",brasil,2020-04-27,114.0,0,0,0,True,True,Fake
Flórida divulga regras para reabertura gradual da Disney  ,saúde,2020-04-29,78.0,1,1,1,True,True,Real
,política,2019-07-18,65.0,0,1,0,False,True,Fake
Bolsonaro fracassa ao criar novo partido e ensaia retorno ao PSL | Thaís Oyama  ,política,2020-08-18,29.0,1,1,0,True,False,Real
Covid: CRMs abrem 43 sindicâncias por prescrição de remédios sem eficácia  ,política,2021-04-19,58.0,1,1,1,True,True,Real
o mulher cortar o pato cachorro facão espancar popular,entretenimento,2019-09-19,30.0,0,0,0,True,True,Fake
"Médico conselheiro da Casa Branca diz que novo vírus descoberto na China 'não é ameaça imediata', mas que é preciso 'ficar de olho'",ciência,2020-06-30,185.0,1,1,1,True,True,Real
Covid: Brasil registra 58.080 novos casos em 24 h; mortes passam de 84 mil  ,saúde,2020-07-23,101.0,1,1,1,True,True,Real
TCE apura uso do CPF de pessoas mortas para furar fila em MT  ,saúde,2021-04-19,76.0,1,1,1,True,True,Real
Moro defende Lava Jato após carreatas pró-operação: 'Legado é do povo'  ,política,2020-08-15,80.0,1,1,1,True,True,Real
É #FAKE que Argentina é o segundo país com maior número de mortos por 100 mil pela Covid-19,mundo,2020-09-24,49.0,0,0,0,True,True,Fake
"

Porcentagem dos candidatos em São Paulo prova fraude nas eleições 2020 #boato 
",política,2020-11-18,87.0,0,0,0,True,True,Fake
o jeito corretar comer abacaxi gomar gomar,saúde,,21.0,0,0,0,True,True,Fake
"

Porto Feliz (SP) teve 1500 casos de Covid-19 e zero mortes graças ao uso da cloroquina #boato 
",saúde,2020-07-14,49.0,0,0,0,True,True,Fake
"Mais contagiosa que a Covid, morte por sarampo bate recorde, mesmo tendo vacina à disposição",ciência,,252.0,1,1,1,True,True,Real
"

Mulher obriga ladrão a manter relações com ela por três dias em TO #boato 
",brasil,2019-01-23,68.0,0,0,0,True,True,Fake
Coronavírus deu rumo ao Brasil: o rumo da crise  ,política,2021-01-22,157.0,1,1,1,True,True,Real
"
  Eleições municipais de 2020 não terão voto por celular ou computador ",brasil,2020-11-13,68.0,0,0,0,True,True,Fake
Riva diz que Maggi pagou R$ 2 mi a juiz em troca de decisão judicial no MS  ,política,2020-11-05,133.0,1,1,1,True,True,Real
"Em dia de recorde de mortes por covid, Bolsonaro só fala em cloroquina  ",saúde,2021-02-12,46.0,1,1,1,True,True,Real
Estudo australiano registra surto de anorexia nervosa em crianças durante a pandemia do novo coronavírus,saúde,2020-07-27,121.0,1,1,1,True,True,Real
"

Pessoas no Canadá são informadas sobre o coronavírus com teste da respiração #boato 
",mundo,2020-03-13,126.0,0,0,0,True,True,Fake
"

Tite diz, em entrevista, que eleitores de Bolsonaro são alienados #boato 
",entretenimento,2018-12-25,52.0,0,0,0,True,True,Fake
"

Nelson Mandela convidou homem que o torturou para almoçar #boato 
",mundo,2021-06-30,173.0,0,0,0,True,True,Fake
"

Fifa elimina Tigres por escalar jogador com Covid-19 no Mundial #boato 
",entretenimento,2021-02-08,14.0,0,0,0,True,True,Fake
"

Folheto de teste de perfume é droga oferecida por assaltantes no Assaí #boato 
",brasil,2019-03-23,127.0,0,0,0,True,True,Fake
Fifa e OMS debatem ações do futebol para combater o novo coronavírus  ,saúde,2020-03-13,146.0,1,1,1,True,True,Real
homem algemar soltar policiar descobrir agente fbi,mundo,,38.0,0,0,0,True,True,Fake
Schelp: Governo Bolsonaro fez estelionato eleitoral com a Lava Jato  ,política,2021-02-12,91.0,1,1,1,True,True,Real
Câncer é descoberto pela 1ª vez com análise em fóssil de dinossauro,ciência,2020-08-03,110.0,1,1,1,True,True,Real
Acusação de que China contaminou máscaras com coronavírus foi inventada por autor de áudio,saúde,2020-04-14,19.0,0,0,0,True,True,Fake
bolsonaro decretar emergência antar carnaval o governador ignorar,saúde,2020-04-14,26.0,0,0,0,True,True,Fake
"

Vídeo mostra furacão atingindo cidade de Santa Catarina em 2019 #boato 
",brasil,2019-10-19,117.0,0,0,0,True,True,Fake
É falso que governo Bolsonaro tenha implantado scanners de veículos na PRF,política,2019-11-12,20.0,0,0,0,True,True,Fake
Governo de SP prevê 110 mil mortes  ,saúde,2020-04-07,28.0,1,1,1,True,True,Real
"Jair Bolsonaro não foi eleito Personalidade do Ano pela revista ""Time""  ",entretenimento,2018-12-14,216.0,0,0,0,True,True,Fake
Coronavírus: Japão confirma primeira morte por COVID-19  ,saúde,2020-02-13,90.0,1,1,1,True,True,Real
"Prédio do Hospital 9 de Julho, em SP, é evacuado após vazamento de gás  ",saúde,2020-05-06,85.0,1,1,1,True,True,Real
umar mulher obrigar o ladrão o sexo o tocantim,entretenimento,,40.0,0,0,0,True,True,Fake
MP-AL instaura investigação sobre falsa vacinação em idosa de 97 anos  ,saúde,2021-02-02,154.0,1,1,1,True,True,Real
"'Vambora, com muito amor no coração', escreve Regina Duarte, sem dizer se entrará para o governo",política,2020-01-20,162.0,1,1,1,True,True,Real
javali selvagem cheirar r$ cocaína escondido florestar o itália,entretenimento,,53.0,0,0,0,True,True,Fake
"

Indulto de Natal de Temer foi editado para tirar Lula da cadeia #boato 
",política,2018-12-13,91.0,0,0,0,True,True,Fake
"

Felipe Santa Cruz, presidente da OAB, aparece em foto com Battisti #boato 
",política,2019-02-13,84.0,0,0,0,True,True,Fake
Brasil tem mais de 152 mil mortos por Covid-19 e média móvel de 497 óbitos por dia,ciência,2020-10-15,85.0,1,1,1,True,True,Real
"É falso que a maioria das pessoas seja imune à covid, como disse Bolsonaro  ",política,2020-08-18,54.0,0,1,0,False,True,Fake
É #FAKE que idoso empurrado por policiais nos EUA simulou agressão,mundo,2020-06-09,85.0,0,0,0,True,True,Fake
'Guardiões de Crivella' atuam também na Educação e em feiras artesanais  ,política,2020-09-07,103.0,1,0,1,False,True,Real
"'Mares não estão tranquilos, porque vídeos são divulgados, redes sociais se incandescem', diz Mourão",política,2020-02-28,110.0,1,1,0,True,False,Real
Cerca de 7 milhões de crianças ainda não foram vacinadas contra a paralisia infantil,saúde,2020-10-26,144.0,1,1,1,True,True,Real
"

Testes contaminados com coronavírus foram enviados da China aos EUA #boato 
",saúde,2020-04-24,55.0,0,0,0,True,True,Fake
Novos saques do FGTS começam a ser liberados na segunda-feira; veja calendário,política,2020-06-26,88.0,1,1,1,True,True,Real
Irã registra recorde de mortos por Covid-19 em 24h,saúde,2020-07-21,62.0,1,1,1,True,True,Real
o ministrar paulo guedes virar réu processar bilionário tcu,entretenimento,,32.0,0,0,0,True,True,Fake
É #FAKE mensagem que diz que após Reforma da Previdência ser aprovada foi liberado saque do fundo previdenciário,política,2019-10-31,73.0,0,0,0,True,True,Fake
Ministro Marco Aurélio passará por cirurgia após acidente doméstico  ,política,2021-02-01,59.0,1,1,1,True,True,Real
Governo do Brasil entrega mais 50 ventiladores pulmonares para o Mato Grosso do Sul,saúde,2020-06-20,124.0,1,1,1,True,True,Real
"

Documento prova que Bolsonaro venceu no 1º turno e houve fraude nas eleições de 2018 #boato 
",política,2020-10-04,50.0,0,0,0,True,True,Fake
Salvador: escudeiros do PT e franco-atiradores isolam escolhido de ACM Neto  ,política,2020-10-02,125.0,1,1,1,True,True,Real
"

É melhor não tomar a vacina porque ela altera DNA e causa “homossexualismo” #boato 
",saúde,2020-10-21,392.0,0,0,0,True,True,Fake
Livro conta história de crianças tratadas no setor de psiquiatria da Santa Casa,ciência,,297.0,1,1,1,True,True,Real
"

Xuxa embolsou R$ 8,9 milhões da Lei Rouanet em 2017 #boato 
",entretenimento,2021-05-26,33.0,0,0,0,True,True,Fake
"

501 pessoas morreram após tomar vacina contra Covid-19 no Brasil #boato 
",saúde,2021-03-02,38.0,0,0,0,True,True,Fake
Além dos remédios: local onde você mora pode aumentar o risco de morte  ,saúde,2020-04-27,166.0,1,1,1,True,True,Real
MPF recorre para que ação contra Serra por lavagem seja retomada em SP  ,política,2020-08-12,136.0,1,1,1,True,True,Real
"

Havan está sorteando TV de 50 polegadas para quem acertar número premiado #boato 
",entretenimento,,31.0,0,0,0,True,True,Fake
"Covid-19 pode causar inflamação em canal ligado aos testículos, diz estudo brasileiro",ciência,2021-02-16,82.0,1,1,1,True,True,Real
"
  A imagem de Vênus foi feita a partir de fotos em preto e branco tiradas pela sonda Venera 13",ciência,,51.0,0,0,0,True,True,Fake
Cometa que se aproxima da Terra é fotografado no céu do Líbano,ciência,2020-07-07,162.0,1,1,1,True,True,Real
Trump diz que crise do coronavírus é 'pior que Pearl Harbor' e 11 de setembro  ,saúde,2020-05-06,39.0,1,1,1,True,True,Real
"

Tereza Cristina, ministra da Agricultura, grava áudio sobre 7 de setembro, greve dos caminhoneiros e intervenção militar #boato 
",brasil,2021-08-16,281.0,0,0,0,True,True,Fake
"

Governo Bolsonaro cria projeto de construção de Ferrovia do Sol, de São Luís a Salvador #boato 
",política,2020-09-30,173.0,0,0,1,True,False,Fake
Médicos e cientistas pedem que EUA incluam negros e latinos em testes de vacinas contra Covid-19,saúde,2020-07-18,105.0,1,1,1,True,True,Real
Sanofi e GSK adiam vacina contra a Covid-19 para o fim de 2021,saúde,2020-12-11,89.0,1,1,1,True,True,Real
"

Boulos é da classe A, estudou nos EUA e criou movimento popular falso #boato 
",política,2020-11-19,470.0,0,0,0,True,True,Fake
Operação combate crimes de violência contra idosos em todo país  ,saúde,2020-12-04,56.0,1,1,1,True,True,Real
Sítio paleontológico em Presidente Prudente apresenta novas descobertas relacionadas a aves e répteis do Período Cretáceo,ciência,2020-08-05,85.0,1,1,1,True,True,Real
"

Enfermeira Khalilah Mitchell teve paralisia facial após tomar vacina contra Covid-19 nos EUA #boato 
",mundo,2021-01-07,60.0,0,0,0,True,True,Fake
casal vegetariano adotou brócolis o filhar carnar e osso,entretenimento,2019-09-22,45.0,0,0,0,True,True,Fake
"Vou sair de Brasília pelo menos uma vez por semana, diz Bolsonaro em inauguração  ",saúde,2020-07-31,61.0,1,1,1,True,True,Real
"

Sephora vai fechar lojas e doar produtos de beleza #boato 
",entretenimento,2021-01-20,32.0,0,0,0,True,True,Fake
Índia alivia medidas de isolamento para reativar economia  ,saúde,2020-04-21,91.0,1,1,1,True,True,Real
"Pandemia de covid-19 no Brasil: 14,8 mil mortes e duas trocas na Saúde  ",saúde,2020-05-16,143.0,1,1,1,True,True,Real
É #FAKE que foto mostre jovem sendo pisoteada por policial em meio à pandemia do coronavírus no Ceará ,entretenimento,2020-04-20,73.0,0,0,0,True,True,Fake
"

Maju Coutinho vai com o marido à praia e tira selfie em plena quarentena do coronavírus #boato 
",entretenimento,2020-03-21,43.0,0,0,0,True,True,Fake
idoso ganhador mega sena virar morrer sufocar o vagina suar namorar,entretenimento,2019-01-15,35.0,0,0,0,True,True,Fake
"

Site dá internet gratuita 500 GB 4G para quem compartilhar link no WhatsApp #boato 
",entretenimento,2020-04-11,90.0,0,0,0,True,True,Fake
"
  Este espectáculo na Torre Eiffel é de 2019 e não uma homenagem às vítimas do novo coronavírus",saúde,,94.0,0,0,0,True,True,Fake
É #FAKE que enchente em Cubatão foi provocada por abertura de barragem,entretenimento,2019-02-06,52.0,0,0,0,True,True,Fake
"'O Brasil não deu certo', diz Huck em evento com presidenciáveis  ",política,2021-04-17,102.0,1,1,1,True,True,Real
"

Site dá pacote de Internet 3G para quem compartilha no WhatsApp #boato 
",entretenimento,,7.0,0,0,0,True,True,Fake
É #FAKE que urnas eletrônicas brasileiras não são auditáveis,política,2020-11-14,92.0,0,0,0,True,True,Fake
"

Salada de pepino com sal cura a Covid-19 #boato 
",saúde,2021-03-18,16.0,0,0,0,True,True,Fake
Especialistas pedem mais atenção à saúde mental por confinamento  ,saúde,2020-04-19,67.0,1,1,1,True,True,Real
Tasso diz que Bolsonaro não tem popularidade para se reeleger e pede união  ,política,2021-01-11,82.0,1,1,1,True,True,Real
Tenor Andrea Bocelli cantará na Catedral de Milão vazia no domingo de Páscoa  ,saúde,2020-04-07,85.0,1,0,1,False,True,Real
umar trapezista diarreia defecar espectador circo,saúde,,26.0,0,0,0,True,True,Fake
É #FAKE tabela que mostra Brasil com a maior taxa de recuperados da Covid-19 no mundo,saúde,2020-05-07,80.0,0,0,0,True,True,Fake
"Pedidos de falência no Brasil sobem 30% em maio ante abril, afirma Boa Vista  ",saúde,2020-06-04,92.0,1,1,1,True,True,Real
É falsa a corrente que diz que Xangai e Pequim não tiveram casos de coronavírus,saúde,2020-04-03,30.0,0,0,0,True,True,Fake
Veja o que é #FATO ou #FAKE sobre o desastre em Brumadinho,brasil,2019-01-28,87.0,0,0,0,True,True,Fake
Doenças raras: Brasil avança na assistência e tratamento de pacientes,saúde,2020-02-28,98.0,1,1,1,True,True,Real
"

Máscara é inútil, nociva e, por isso, Globo mudou de ideia e pediu para população parar de usar #boato 
",saúde,,64.0,0,0,0,True,True,Fake
Nise diz desconhecer gabinete paralelo: 'Sou colaboradora eventual'  ,política,2021-06-01,114.0,1,1,1,True,True,Real
verdade o presidente anterior trocar ministro jair bolsonaro,política,2020-04-28,27.0,0,0,0,True,True,Fake
MadeiraMadeira recebe novo aporte de US$ 190 milhões e vira novo 'unicórnio' brasileiro,política,2021-01-07,92.0,1,1,1,True,True,Real
É #FAKE que telejornal do DF fez recomendação para pessoas não usarem mais máscara após sete meses de pandemia,brasil,2020-10-14,83.0,0,0,0,True,True,Fake
"Transparência Internacional, parceira de Dallagnol, tenta intimidar o STJ  ",política,2021-02-22,83.0,1,1,1,True,True,Real
Bolsonaro encontra indicado para o STF em reunião com Toffoli e Alcolumbre  ,política,2020-10-04,159.0,1,1,1,True,True,Real
Ano teve ao menos 420 estudos por dia sobre Covid: ciência mostra como foi a luta contra a pandemia em 2020,ciência,2020-12-28,96.0,1,1,1,True,True,Real
"

Missionária cristã teve a boca costurada por afegãos islâmicos #boato 
",entretenimento,2020-02-10,25.0,0,0,0,True,True,Fake
"Ibope: Manuela D'Ávila se sai melhor entre jovens, negros e com faculdade  ",política,2020-10-07,89.0,1,1,1,True,True,Real
"Sabemos pouco da eficácia da hidroxicloroquina, diz governo italiano  ",saúde,2020-05-22,88.0,1,1,1,True,True,Real
o desafiar rasteiro umar brincadeira perigoso,saúde,2020-02-15,18.0,0,0,0,True,True,Fake
Veja o que é #FATO ou #FAKE sobre as queimadas na Amazônia,brasil,2019-08-22,70.0,0,0,0,True,True,Fake
"Contra coronavírus, Brasil tem quase 200 voluntários dispostos a se infectar em possíveis testes de vacina",ciência,2020-04-28,141.0,1,1,1,True,True,Real
fake news envolver o explosão o líbano,entretenimento,2020-08-10,29.0,0,0,0,True,True,Fake
Advogados recorrem de decisão que negou estender domiciliar de Queiroz a presos do grupo de risco,política,2020-08-03,117.0,1,1,1,True,True,Real
Conselho do MPF afasta subprocurador suspeito de calúnia e coação a servidores,política,2020-06-08,56.0,1,1,1,True,True,Real
"

Robert F. Kennedy Jr. escreve texto que aponta que vacina mRNA contra Covid-19 altera o DNA #boato 
",saúde,2020-09-06,4.0,0,0,0,True,True,Fake
"Cidades do interior podem propagar covid-19 como capitais, aponta estudo  ",saúde,2020-06-04,112.0,1,1,1,True,True,Real
Instagram expande função que aproxima rede social do TikTok,política,2020-06-23,81.0,1,0,0,False,False,Real
Brasil registra 1.059 mortes por Covid-19 em um dia e passa de 209 mil,ciência,2021-01-16,99.0,1,1,1,True,True,Real
"Bolsonaro tem aprovação de 33% e reprovação de 39% na gestão da crise do coronavírus, diz Datafolha ",política,2020-04-03,52.0,1,1,1,True,True,Real
É #FAKE que médicos alemães descobriram que mortes por coronavírus são causadas por uma bactéria e que a Covid-19 é amplificada pelo 5G,mundo,2020-11-13,100.0,0,0,0,True,True,Fake
"

Bandidos estão distribuindo máscaras com produtos químicos de casa em casa para assaltar #boato 
",brasil,2021-07-07,75.0,0,0,0,True,True,Fake
Delegados são responsabilizados por irregularidades em operações no RJ  ,política,2021-05-28,46.0,1,1,1,True,True,Real
Barroso diz a empresários que o Brasil perde de goleada na Amazônia  ,política,2020-08-11,90.0,1,1,1,True,True,Real
Senado abre CPI da Pandemia para investigar ações do governo federal e repasses de verbas aos estados,brasil,,595.0,1,1,1,True,True,Real
haver evidência conclusivo o vacinar pfizer causar o “ paralisia bell ” voluntário,saúde,2020-12-11,15.0,0,0,0,True,True,Fake
"

Pedra de gelo gigante durante chuva de granizo em Andradas (MG) em 2020 #boato 
",brasil,2020-01-18,34.0,0,0,0,True,True,Fake
"

Bandidos se cadastram como motorista de APP (Uber e 99) em audiência de custódia #boato 
",brasil,2019-07-10,98.0,0,1,0,False,True,Fake
"

Rui Costa inaugura posto de saúde na Bahia e depois manda retirar equipamentos #boato 
",política,,84.0,0,0,0,True,True,Fake
"

Vídeo mostra Cataratas do Iguaçu cheia e transbordando em 2019 #boato 
",brasil,2019-06-01,34.0,0,0,0,True,True,Fake
"Há três anos, Bill Gates alertava Donald Trump sobre riscos de uma pandemia  ",saúde,2020-05-12,98.0,1,1,1,True,True,Real
"

Ibaneis Rocha, governador do DF, viaja bêbado e dá vexame em avião #boato 
",política,2019-04-25,139.0,0,1,0,False,True,Fake
 Bolsonaro: ?Estamos dando certo?; Brasil é  líder em mortes  por covid-19 no mundo   ,política,2021-03-22,25.0,1,1,1,True,True,Real
"'Devo ser a voz de todos, não a voz de um', diz Lira em discurso na Câmara  ",saúde,2021-02-01,85.0,1,1,1,True,True,Real
Bares e restaurantes admitem 'grande surpresa' com limitação de horário  ,saúde,2020-07-06,106.0,1,1,1,True,True,Real
"

Record vai derrubar máscara da Globo em matéria sobre Bolsonaro hoje #boato 
",política,2021-07-07,51.0,0,0,0,True,True,Fake
Uma das regiões mais atingidas pelo coronavírus em SP recebe 20 UTIs  ,saúde,2020-05-11,91.0,1,1,1,True,True,Real
bolsonaro assinar decretar proibir o entrar vibrador o país,política,2019-09-21,38.0,0,0,0,True,True,Fake
"

Balão com foto de Lula cai dentro de um presídio, mostra imagem #boato 
",política,2021-04-27,59.0,0,0,0,True,True,Fake
Facebook muda regras sobre posts que abordem origem da Covid-19 após investigações nos EUA,política,2021-05-27,81.0,1,1,0,True,False,Real
Indonésia inicia vacinação contra Covid-19 e presidente recebe a primeira dose,saúde,,214.0,1,1,1,True,True,Real
"
  A diretora da Anistia Internacional Brasil, Jurema Werneck, não compareceu à CPI como médica",política,2021-06-29,99.0,0,0,0,True,True,Fake
O enterro da última quimera do general em meio à doença e a 280 mil corpos  ,política,2021-03-16,64.0,1,1,1,True,True,Real
donald trump umar camisa o parir bolsonaro,mundo,2019-03-20,58.0,0,0,0,True,True,Fake
foto circular o rede social mulher acusar o jogador neymar estuprar,entretenimento,,16.0,0,0,0,True,True,Fake
Sobe para 30 o número de casos confirmados de coronavírus no Brasil   ,saúde,2020-03-09,83.0,1,1,1,True,True,Real
"Isolamento contra coronavírus levará economia global a encolher 3% em 2020, diz FMI  ",saúde,2020-04-14,88.0,1,1,1,True,True,Real
"Drone que entrega compras, reconhecimento facial e sensor de aglomeração: tecnologias ganham destaque durante a pandemia",política,2020-10-01,63.0,1,1,1,True,True,Real
DSEIs possuem vagas abertas para profissionais de saúde e saneamento,saúde,2021-05-11,106.0,1,1,1,True,True,Real
Ministério da Saúde entrega mais 20 ventiladores pulmonares para a Paraíba,saúde,2020-05-19,102.0,1,1,1,True,True,Real
San Diego Comic-Con cancela edição de 2020 por causa do coronavírus  ,saúde,2020-04-17,70.0,1,1,1,True,True,Real
Bolsonaro admite voltar ao PSL em vez de 'investir 100%' na criação do Aliança pelo Brasil ,política,2020-08-13,105.0,1,1,1,True,True,Real
Portugal é estimulado a buscar ajuda internacional conforme mortes por covid-19 batem recorde  ,saúde,2021-01-26,74.0,1,1,1,True,True,Real
Louis Braille: um benfeitor da humanidade,política,2020-02-09,329.0,1,0,0,False,False,Real
"Balanço do Consórcio: Brasil vacinou 27,9 milhões, 13,2% da população  ",política,2021-04-22,76.0,1,1,1,True,True,Real
Secretário nacional de Defesa Civil nega inércia no Pantanal  ,política,2020-09-30,99.0,1,1,1,True,True,Real
Crivella nega amizade com empresário e afirma não haver provas contra ele  ,política,2020-09-13,72.0,1,1,1,True,True,Real
"Vídeo de aglomeração em Genebra é real, mas não prova que pandemia é farsa  ",mundo,2020-06-11,65.0,0,0,0,True,True,Fake
 Jean Wyllys não transferiu R$ 50 mil à defesa de homem que atacou Bolsonaro  ,política,2019-02-14,65.0,0,0,0,True,True,Fake
"Sem provas, Eduardo Bolsonaro questiona apuração das eleições nos EUA  ",política,2020-11-04,78.0,1,1,0,True,False,Real
Veja o que é #FATO ou #FAKE nas declarações dos candidatos à Prefeitura de SP na 6ª semana de campanha,política,2020-11-07,63.0,0,0,0,True,True,Fake
"
  A foto de Ivete Sangalo e marido rodeados de pessoas é anterior à pandemia",brasil,2021-04-12,99.0,0,0,0,True,True,Fake
Pronunciamento de Bolsonaro causa perplexidade à cúpula do Congresso,ciência,2020-03-24,64.0,1,1,1,True,True,Real
"UTIs lotadas, alta nas mortes e explosão de casos: avanço de Covid-19 deixa estados em situação crítica",ciência,2021-02-25,87.0,1,1,1,True,True,Real
"'É preciso que a sociedade mobilize suas forças contra um governo de tendência fascista', diz filósofo Vladimir Safatle  ",saúde,2020-06-05,121.0,1,1,1,True,True,Real
Lira se irrita com deputado e encerra sessão que votava apoio a setor de eventos  ,política,2021-03-03,124.0,1,1,1,True,True,Real
É #FAKE que antecessor de filho de Mourão no BB ganhava R$ 100 mil,entretenimento,2019-01-09,80.0,0,0,0,True,True,Fake
"

Pessoas maiores de 60 anos só poderão votar entre 7h e 10h no dia 15/11 #boato 
",política,2020-10-19,89.0,0,0,0,True,True,Fake
"
  É falso que uma eleição seja anulada se mais de 51% dos votos forem nulos",brasil,2020-11-15,66.0,0,0,0,True,True,Fake
Profissionais de saúde e idosos institucionalizados serão os primeiros a receber doses de vacina contra a Covid-19,saúde,2021-01-18,84.0,1,1,1,True,True,Real
OAB pede a Aras que denuncie Bolsonaro por prevaricação e crimes contra saúde,brasil,,53.0,1,1,1,True,True,Real
Generais observam com atenção projetos que aumentam autonomia de polícias  ,política,2021-01-13,90.0,1,1,1,True,True,Real
"Saúde distribuiu mais de 1,9 milhão agulhas e seringas para Minas Gerais",saúde,2021-02-22,93.0,1,1,1,True,True,Real
É #FAKE que foto mostre índio provocando queimada criminosa no Cerrado em 2020,brasil,2020-09-18,81.0,0,0,0,True,True,Fake
Adélio disse que tentou matar Bolsonaro porque o presidente é um 'impostor'  ,política,2020-11-27,68.0,1,0,1,False,True,Real
"
  O celular de Adélio Bispo, autor da facada contra Bolsonaro, foi, sim, periciado",brasil,2021-04-19,73.0,0,0,0,True,True,Fake
Prefeitura de SP fecha serviço para usuários de drogas na Cracolândia  ,saúde,2020-04-08,124.0,1,1,1,True,True,Real
"

Descubra se você tem direito ao auxílio emergencial compartilhando link no WhatsApp #boato 
",entretenimento,2020-03-30,127.0,0,0,0,True,True,Fake
Congresso é autor de nove em cada dez medidas contra o coronavírus  ,saúde,2020-07-07,236.0,1,1,1,True,True,Real
"

Policiais brancos prendem homem negro e descobrem que ele é um agente do FBI #boato 
",mundo,2020-06-02,66.0,0,0,0,True,True,Fake
"Post com cápsula vazia não prova ""conspiração"" contra cloroquina  ",ciência,2020-08-12,60.0,0,0,0,True,True,Fake
É #FAKE que vídeo mostre Bell Marques falando do novo coronavírus com governador da BA no carnaval,saúde,2020-05-07,111.0,0,0,0,True,True,Fake
Defesa de Weintraub quer que STF discuta em plenário se ministros podem agendar depoimento,política,2020-06-04,101.0,1,1,1,True,True,Real
"

Lista de empresas compradas pela China mostra invasão silenciosa do império chinês #boato 
",brasil,2020-09-14,148.0,0,0,0,True,True,Fake
Ator da Broadway pode perder movimentos da perna por causa do coronavírus  ,saúde,2020-04-17,136.0,1,1,1,True,True,Real
"

Gleisi esteve na sede da Gaviões da Fiel e contratou torcedores no dia do protesto, mostram fotos #boato 
",política,,35.0,0,0,0,True,True,Fake
"Morre aos 83 anos o arquiteto Jaime Lerner, ex-governador do Paraná",brasil,,402.0,1,1,1,True,True,Real
"

Lula vai para uma penitenciária, acabou o “mimimi” #boato 
",política,2019-07-07,41.0,0,0,0,True,True,Fake
Governador de Nova York anuncia que US Open será realizado sem público   ,saúde,2020-06-16,111.0,1,1,1,True,True,Real
Marcos Pontes será voluntário de testes de medicamento contra covid-19  ,saúde,2020-07-31,87.0,1,1,1,True,True,Real
"

Anatel está dando 7 GB de internet em conscientização ao novo coronavírus #boato 
",entretenimento,2020-03-24,23.0,0,0,0,True,True,Fake
Bolsonaro jogou para politizar aumento do preço do arroz e tentar tirar o desgaste do governo,política,2020-09-11,133.0,1,1,1,True,True,Real
Saúde lança aplicativo para estimular uso de remédios sem eficácia contra covid  ,saúde,2021-01-14,83.0,1,1,1,True,True,Real
"Em transmissão de Fla x Galo, Luís Roberto lamenta mortes por Coronavírus  ",saúde,2020-08-09,93.0,1,1,1,True,True,Real
É #FAKE que Moro afastou promotor que investigava Flávio Bolsonaro e delegado do caso Marielle,política,2019-06-14,108.0,0,0,0,True,True,Fake
New York Times chama Bolsonaro de notório vilão; WSJ também usa tom crítico  ,política,2021-04-22,86.0,1,1,1,True,True,Real
"Após decretos, veja em quais cidades o uso de máscara é obrigatório  ",saúde,2020-04-17,92.0,1,1,1,True,True,Real
"

Maria do Rosário comemora o fato de ter sido assaltada em Porto Alegre #boato 
",política,2019-11-21,65.0,0,0,0,True,True,Fake
Herpes-zóster: doença causada pelo vírus da catapora afeta pessoas com mais de 50 anos ,ciência,,339.0,1,1,1,True,True,Real
"Da desistência de Freixo ao voto útil, esquerda fica fora do 2º turno no RJ  ",política,2020-11-16,109.0,1,1,1,True,True,Real
ativistas direito humano preso tráfico drogar o bahia,entretenimento,2019-04-16,19.0,0,0,0,True,True,Fake
"Anvisa toma lugar de Deus, distorce lei e escancara politização. CPI já!  ",saúde,2020-12-15,120.0,1,1,1,True,True,Real
"

Walmart agora é BIG Bompreço e está com vagas de emprego no WhatsApp #boato 
",entretenimento,2019-11-12,55.0,0,0,0,True,True,Fake
Quatro regiões do país têm liminares para frear carreatas contra isolamento  ,saúde,2020-03-29,78.0,1,1,1,True,True,Real
"

Felipe Neto e o STF querem implementar “age fluid” (idade fluída) para justificar pedofilia #boato 
",entretenimento,2020-07-28,171.0,0,0,0,True,True,Fake
É falso que máscaras reduzam imunidade e potencializem a proliferação de bactérias,saúde,2020-05-13,33.0,0,0,0,True,True,Fake
‘Motociata’ promovida por Bolsonaro em São Paulo não gerou renda de R$ 40 milhões,política,2021-06-18,38.0,0,0,0,True,True,Fake
"Apesar de discurso pró-vacina do presidente, base bolsonarista não embarca na narrativa nas redes",brasil,,330.0,1,1,1,True,True,Real
dirigível amazon surgir o céu carregar dezena drones verdade,entretenimento,,35.0,0,0,0,True,True,Fake
"EUA têm mais hospitalizados por covid-19 agora do que na 1ª onda, diz Opas  ",saúde,2021-01-13,195.0,1,1,1,True,True,Real
OAB vê tentativa de criminalização da advocacia em buscas contra advogados  ,política,2020-09-09,73.0,1,1,1,True,True,Real
"Brasil tem 77 mortes e 2.915 casos confirmados de novo coronavírus, diz Ministério da Saúde",ciência,2020-03-26,88.0,1,1,1,True,True,Real
"

Argentina faliu, quebrou todas empresas e implantou o comunismo com o apoio da China #boato 
",mundo,2020-06-18,101.0,0,1,0,False,True,Fake
Cinthia Ribeiro (PSDB) é reeleita prefeita de Palmas  ,política,2020-11-15,75.0,1,1,1,True,True,Real
Defensores de impeachment de Bolsonaro buscam entidade neutra para assinar ação  ,saúde,2020-05-13,166.0,1,1,1,True,True,Real
O Assunto #371: Quem vai ser responsabilizado pelos erros na pandemia?,saúde,2021-01-19,195.0,1,1,1,True,True,Real
"Covid: com 2.207 mortos em 24 h, país chega a 50 dias de média acima de mil  ",política,2021-03-11,79.0,1,1,1,True,True,Real
"

Dra. Stella Emanuel fala a verdade ao dizer que hidroxicloroquina é a cura da Covid-19 e que máscaras fazem mal #boato 
",saúde,2020-07-28,308.0,0,0,0,True,True,Fake
Veja o que é #FATO ou #FAKE nas declarações dos candidatos à Prefeitura do Rio na 1ª semana de campanha,política,2020-10-03,62.0,0,0,0,True,True,Fake
"

Manifestação na porta do quartel em Porto Alegre pede intervenção militar #boato 
",brasil,,32.0,0,0,0,True,True,Fake
STF julga se motorista profissional deve ter carteira suspensa por homicídio culposo ao volante,política,2020-02-12,70.0,1,1,1,True,True,Real
"
  Esta foto de uma tempestade foi tirada em dezembro de 2019 no Rio Grande do Sul",brasil,,78.0,0,0,0,True,True,Fake
Relatora no STF vota para barrar produção de dossiês sobre 'antifascistas'  ,política,2020-08-19,85.0,1,1,1,True,True,Real
deputar o negro câncer e o ameaçar o sociedade israel,entretenimento,,32.0,0,0,0,True,True,Fake
Esse cachorrinho é o guia de viagens virtuais mais fofo que você vai ter  ,saúde,2020-04-29,64.0,1,1,0,True,False,Real
Boato erra ao acusar Greenpeace; navio da ONG só chegou ao Nordeste após vazamentos,política,2019-11-01,9.0,0,0,0,True,True,Fake
"
  A CoronaVac ainda não foi avaliada por agências reguladoras dos EUA e da UE",saúde,2021-05-13,81.0,0,0,0,True,True,Fake
"

Senhor chegou em Pindamonhangaba (SP) e procura sua mãe Maria Aparecida das Neves #boato 
",brasil,2020-08-03,22.0,0,0,0,True,True,Fake
Butantan reforçará dados sobre aplicação da CoronaVac para evitar perdas  ,saúde,2021-04-13,72.0,1,1,1,True,True,Real
Drauzio: 'Brasil deve ser campeão mundial em confusões na pandemia'  ,saúde,2020-12-09,99.0,1,1,1,True,True,Real
MPF vai monitorar compra de vacina contra Covid-19 pelo governo brasileiro,saúde,2020-07-07,92.0,1,1,1,True,True,Real
"
  Esta é a porcentagem de pessoas com patologias prévias em uma amostra de mortos por COVID-19",saúde,2020-05-29,86.0,0,0,0,True,True,Fake
"

Rui Costa, governador da Bahia, pede que prefeita de Porto Seguro invente 200 casos de coronavírus #boato 
",política,2020-04-29,32.0,0,0,0,True,True,Fake
Justiça Federal suspende parcelas de consignados de aposentados por 4 meses  ,saúde,2020-04-20,122.0,1,1,1,True,True,Real
Justiça anula título de doutor honoris causa de Lula em universidade de AL  ,política,2020-10-12,79.0,1,1,1,True,True,Real
"

Governo da Alemanha envia cobrança de 130 bilhões de libras para a China #boato 
",mundo,,75.0,0,1,1,False,False,Fake
"Doria diz que queimadas na Amazônia estão ""gerando prejuízos à economia""  ",política,2020-09-30,85.0,1,1,1,True,True,Real
umar modelar famoso o instagram passar herpes parir fã água banhar contaminar,saúde,2019-07-10,27.0,0,0,0,True,True,Fake
Coronavírus: Ministério da Saúde anuncia nove casos suspeitos,ciência,,314.0,1,1,1,True,True,Real
"
  A CCJ aprovou apenas a admissibilidade da PEC sobre o voto impresso em 2019 ",brasil,,81.0,0,0,0,True,True,Fake
"Após assassinato no Carrefour, Bolsonaro critica a revolta, não o racismo  ",política,2020-11-21,92.0,1,1,0,True,False,Real
"

Ministro Dias Toffoli do STF é dono de resort no Paraná #boato 
",brasil,2020-11-16,87.0,0,0,0,True,True,Fake
Orçamento põe Bolsonaro sob risco de perder base no Congresso ou Guedes  ,política,2021-04-15,129.0,1,1,1,True,True,Real
Vive-se um dos momentos mais delicados da pandemia em terras nativas  ,política,2021-01-28,88.0,1,1,1,True,True,Real
Veja o que é #FATO ou #FAKE nas declarações dos candidatos à Prefeitura de Belo Horizonte na 6ª semana de campanha,política,2020-11-06,64.0,0,0,0,True,True,Fake
"

Dias Toffoli, ministro do STF, visitou Lula na prisão em Curitiba #boato 
",política,2019-06-12,71.0,0,0,0,True,True,Fake
"

Tiffany Dover, enfermeira que desmaiou após tomar vacina, morreu #boato 
",mundo,2020-12-20,69.0,0,0,0,True,True,Fake
Post confunde ao comparar letalidade da covid-19 com outras doenças  ,saúde,2020-09-08,109.0,0,1,1,False,False,Fake
"
  Imagem de protesto contra Dilma Rousseff é atribuída a ato pró-Bolsonaro de 1º de maio",brasil,,66.0,0,0,0,True,True,Fake
"Roraima recebe mais 6,8 mil doses de vacinas covid-19",saúde,2021-04-22,110.0,1,1,1,True,True,Real
"

Fabiano Kipper Mai, autor de ataque em Saudades (SC), tinha foto de Che Guevara e #forabolsonaro no Instagram #boato 
",brasil,,91.0,0,0,0,True,True,Fake
Mourão diz que não há motivo para impeachment e elogia Bolsonaro  ,saúde,2021-02-01,68.0,1,1,1,True,True,Real
Diretor-geral da OMS não comenta posicionamento de Bolsonaro sobre quarentena  ,saúde,2020-04-01,123.0,1,1,1,True,True,Real
Ministros da Saúde de Portugal e Brasil reforçam cooperação entre os países,saúde,2021-05-07,98.0,1,1,1,True,True,Real
Foto de bebê com Covid sendo cuidado por enfermeira com equipamento de proteção viraliza na Itália,saúde,2021-04-02,50.0,1,0,0,False,False,Real
EUA superam 19 milhões de casos de coronavírus; mais de 333 mil morreram  ,saúde,2020-12-28,53.0,1,1,1,True,True,Real
Covid-19: AstraZeneca diz ter encontrado fórmula mais eficaz para a vacina  ,saúde,2020-12-27,89.0,1,1,1,True,True,Real
Vacinas que Brasil avalia comprar chegam às últimas etapas de testes; veja o que já se sabe sobre cada uma,ciência,2020-11-21,99.0,1,1,1,True,True,Real
o igreja universal instalar barrir alumínio o suar entrar parir impedir morador ruir,entretenimento,2021-02-14,43.0,0,0,0,True,True,Fake
"

WhatsApp passará a avisar quando você dá print de tela em conversa #boato 
",entretenimento,2019-04-04,37.0,0,0,0,True,True,Fake
Vídeo que mostra governador da Bahia dançando forró é de antes da pandemia  ,brasil,2021-06-23,94.0,0,0,0,True,True,Fake
PSOL vai ao STF por recursos proporcionais a candidatos negros já em 2020  ,política,2020-09-03,98.0,1,1,1,True,True,Real
Coronavírus: EUA ultrapassam 80 mil mortes e registram 1.342.594 casos  ,saúde,2020-05-12,84.0,1,1,1,True,True,Real
"Sem IFA, Fiocruz para hoje produção de vacinas; volume será afetado  ",política,2021-05-19,70.0,1,1,1,True,True,Real
Guedes diz que Fies bancou universidade até para 'filho de porteiro'  ,política,2021-04-29,105.0,1,1,1,True,True,Real
Parlamentares defendem isolamento; ex-ministro diz que Bolsonaro está certo  ,saúde,2020-03-31,107.0,1,1,1,True,True,Real
Como bastidores e provocações incendiaram Flu para derrubar favorito Fla   ,saúde,2020-07-10,94.0,1,1,0,True,False,Real
"Um terço da população de Guayaquil, no Equador, contraiu a covid-19  ",saúde,2020-05-07,88.0,1,1,1,True,True,Real
É falso que MST tenha destruído estação de energia no Amapá,política,2020-12-02,20.0,0,0,0,True,True,Fake
É #FAKE que vídeo mostre saques a supermercados e lojas em São Vicente em meio à pandemia do coronavírus,entretenimento,2020-03-25,74.0,0,0,0,True,True,Fake
nuvem formato caveira visto o céu califórnio o eua,entretenimento,2019-09-24,30.0,0,0,0,True,True,Fake
MP diz que live de Caetano não se trata de showmício  ,política,2020-10-19,65.0,1,1,1,True,True,Real
"

Mariana Gross comemora título do Flamengo no Brasileirão e aglomera em meio à pandemia #boato 
",entretenimento,2021-02-27,20.0,0,0,0,True,True,Fake
É #FAKE que cédulas eleitorais com votos em Donald Trump foram jogadas no lixo e encontradas na rua no Kentucky,mundo,2020-11-13,80.0,0,0,0,True,True,Fake
É #FAKE mensagem que fala em cadastro para receber auxílio gás,brasil,2020-05-21,72.0,0,0,0,True,True,Fake
Secretário critica imprensa por noticiar redução de salários prevista em MP  ,saúde,2020-04-17,89.0,1,1,1,True,True,Real
"Tesla, de Elon Musk, divulga entregas recordes no 1º trimestre e supera expectativas",política,2021-04-02,78.0,1,1,1,True,True,Real
"

Documento “Da possível supernotificação de óbitos causados por Covid-19 no Brasil” é do TCU #boato 
",saúde,2021-06-07,208.0,0,1,1,False,False,Fake
" Bolsonaro diz que Nordeste é mais inadimplente, mas dados do Tesouro negam  ",política,2019-08-09,93.0,0,1,1,False,False,Fake
"

AliExpress (AliHouse) é uma estratégia da China para acabar com empresas do Brasil #boato 
",entretenimento,2021-03-30,92.0,0,0,0,True,True,Fake
foto mostrar beber ornitorrinco verdade,entretenimento,2019-12-20,15.0,0,0,0,True,True,Fake
"Colapso: Em março, 1 a cada 4 internados por covid no SUS morreu  ",política,2021-05-26,76.0,1,1,1,True,True,Real
É #FAKE que jornalista Glenn Greenwald foi preso quando embarcava em voo internacional,mundo,2019-07-24,78.0,0,0,0,True,True,Fake
"Caixa paga auxílio de R$ 600 para 1,9 milhão de inscritos por site ou app  ",saúde,2020-04-25,129.0,1,1,1,True,True,Real
É enganoso que enquete sobre voto impresso reflita opinião da população  ,política,2021-07-13,69.0,0,0,0,True,True,Fake
"Deputado Arthur Lira faturava R$ 500 mil com desvios, afirma PGR  ",política,2020-12-04,126.0,1,1,1,True,True,Real
"

Jovem grávida do pai diz “não me importo que o pai do meu filho seja o meu pai” #boato 
",mundo,,84.0,0,0,0,True,True,Fake
Patricia Abravanel fala da quarentena: Ver meu pai de máscara foi esquisito  ,saúde,2020-04-06,143.0,1,1,1,True,True,Real
"Jogos sem público custarão R$ 570 mi aos clubes alemães, aponta relatório  ",saúde,2020-05-11,56.0,1,1,1,True,True,Real
Posse de Biden: como a Casa Branca se prepara para a chegada de um novo presidente  ,saúde,2021-01-20,31.0,1,1,1,True,True,Real
"É #FAKE que a combinação de limão, laranja e mel proteja do coronavírus ou cure a Covid-19",ciência,2020-06-03,66.0,0,0,0,True,True,Fake
Coronavírus: Ex-astro da NBA doa 10 milhões de máscaras para Nova York  ,saúde,2020-03-29,74.0,1,1,1,True,True,Real
Idosa de 102 anos vence Covid-19 e choca até a neta: 'Foi uma surpresa',saúde,2020-07-15,129.0,1,1,1,True,True,Real
Governo da Itália vai permitir vacinação em empresas  ,saúde,2021-03-12,382.0,1,1,1,True,True,Real
"

Homem que fez papel de diabo vencendo Jesus no Carnaval morreu #boato 
",brasil,2019-03-05,62.0,0,0,1,True,False,Fake
"

Nova regra do Facebook sobre fotos e política de privacidade começa amanhã #boato 
",entretenimento,2019-08-12,160.0,0,0,0,True,True,Fake
perigar parir o saudar vídeo mostrar energético derreter alimento verdade,saúde,2020-01-23,24.0,0,0,0,True,True,Fake
"
  Mesmo com vacina eficaz, quem não recebe a dose pode prejudicar quem recebe, dizem especialistas",brasil,2020-09-10,79.0,0,0,0,True,True,Fake
"Teich já estava sendo fritado há um tempo, diz colunista do UOL  ",saúde,2020-05-15,56.0,1,1,1,True,True,Real
"

Jully Collen, menina que apareceu em vídeo de MC Gui na Disney, morreu #boato 
",entretenimento,2019-12-07,26.0,0,0,0,True,True,Fake
"
  Trecho de texto da Anvisa sobre evidências para uso de máscaras foi retirado de contexto",brasil,,104.0,0,0,0,True,True,Fake
Manifestantes fazem carreata em favor da Lava Jato em São Paulo,política,2020-09-06,112.0,1,1,0,True,False,Real
"Após decisão do Facebook, CPI das Fake News será teste para nova base aliada de Bolsonaro",política,2020-07-10,70.0,1,1,1,True,True,Real
É falso que aviões israelenses foram enviados para apagar fogo na Amazônia  ,mundo,2019-09-17,88.0,0,0,0,True,True,Fake
Bolsonaro defende dados imprecisos e remédios sem comprovação ao anunciar covid-19  ,saúde,2020-07-07,89.0,1,1,1,True,True,Real
É #FAKE foto de Trump e Kim Jong-un em pista de skate,mundo,2019-07-23,70.0,0,0,0,True,True,Fake
É #FAKE que Nostradamus fez profecia do novo coronavírus em livro de 1555,entretenimento,2020-03-19,35.0,0,0,0,True,True,Fake
"

Braga Netto convida Sérgio Reis e Zé Trovão para desfile de 7 de setembro em Brasília #boato 
",política,2021-08-24,64.0,0,0,0,True,True,Fake
Brasil possui quatro casos confirmados de coronavírus,saúde,2020-03-05,72.0,1,1,1,True,True,Real
"

Natura contratou Suzane Von Richthofen para o Dia das Mães, casal Nardoni para o Dia da Criança e Bruno para o Dia dos Namorados #boato 
",entretenimento,,86.0,0,0,0,True,True,Fake
"

Filho do dono da água sanitária Dragão xinga nordestinos em vídeo #boato 
",política,2019-01-09,90.0,0,0,0,True,True,Fake
Trump anuncia compra de 100 milhões de doses de vacina contra coronavírus da Moderna,saúde,2020-08-11,85.0,1,1,1,True,True,Real
Brasil recebe novo lote com insumos para mais 12 milhões de doses,saúde,2021-02-27,1.0,1,0,0,False,False,Real
Como a Argentina conseguiu manter o número de mortes por covid-19 sob controle,saúde,2020-08-03,74.0,1,1,1,True,True,Real
"

Lula se reuniu na sede da Gaviões da Fiel horas antes de protesto antifascista em 2020 #boato 
",política,,46.0,0,0,0,True,True,Fake
"

Escola especializada em autismo de São Gonçalo (RJ) está vazia por falta de procura #boato 
",brasil,2019-05-28,18.0,0,0,0,True,True,Fake
Atendimento odontológico recebe incentivo de mais R$ 128 milhões para retomada segura,saúde,2020-12-18,179.0,1,1,1,True,True,Real
Foragido da Justiça é assessor do ministro do STF Dias Toffoli?,entretenimento,2021-05-12,34.0,0,0,0,True,True,Fake
O É DA COISA:  É a volta do cipó de aroeira no lombo de quem mandou dar  ,política,2021-02-09,15.0,1,0,0,False,False,Real
"

General Qasem Soleimani se casava com crianças e mandou queimar soldados dos EUA #boato 
",mundo,,67.0,0,0,0,True,True,Fake
"Presidente da FPF: ""Volta do Paulista tem o projeto mais audacioso do país""  ",saúde,2020-07-16,164.0,1,1,1,True,True,Real
É #FAKE que vídeo mostre bebê sendo salvo do novo coronavírus da mãe contaminada ao nascer dentro de bolsa,saúde,2020-05-22,102.0,0,0,0,True,True,Fake
Trabalhadores se isolam em fábrica para continuar produzindo 50 mil máscaras por dia  ,saúde,2020-03-29,68.0,1,1,1,True,True,Real
"Auxílio de R$ 600 e postura mais suave turbinam aprovação de Bolsonaro, mostra Datafolha",política,2020-08-14,66.0,1,1,1,True,True,Real
Governador do Ceará fica no 'vácuo' ao fazer inauguração virtual de obra  ,saúde,2020-08-15,92.0,1,1,1,True,True,Real
STF: manifestações em locais públicos dispensam comunicação prévia a autoridades  ,política,2021-01-14,101.0,1,1,1,True,True,Real
É #FAKE que pesquisa recente indique a hidroxicloroquina como o tratamento mais eficaz contra o coronavírus,saúde,2020-05-21,77.0,0,0,0,True,True,Fake
"OMS tem déficit de US$ 13,4 bilhões em fundo urgente para vacinas, tratamentos e investimentos contra a Covid-19",ciência,2020-06-26,144.0,1,1,1,True,True,Real
"Dono da pousada de Brumadinho gravou vídeo “a gente vai embora” #boato 
",brasil,2019-02-01,18.0,0,0,0,True,True,Fake
Candidatos sobem tom do discurso; Russomanno e Covas viram alvos  ,política,2020-10-28,132.0,1,1,1,True,True,Real
"

Navio da MSC joga lixo na praia de Balneário Camboriú (SC), mostra vídeo #boato 
",brasil,2019-04-23,100.0,0,0,0,True,True,Fake
SC: Decreto amplia medidas restritivas contra covid-19 até 12 de abril  ,saúde,2021-04-04,82.0,1,1,1,True,True,Real
Bolsonaro prepara indulto de Natal a alguns policiais condenados  ,política,2020-12-23,75.0,1,1,1,True,True,Real
foto provar adélio bispar morrer covid-19 verdade,saúde,,30.0,0,0,0,True,True,Fake
As importações que mostram como saúde do brasileiro já depende da China,ciência,2020-12-10,117.0,1,1,1,True,True,Real
Butantan planeja vacina para registro em outubro e início da distribuição em janeiro de 2021  ,saúde,2020-08-06,26.0,1,1,1,True,True,Real
América Latina ultrapassa a marca de 400 mil mortes por Covid-19 ,ciência,2020-11-02,74.0,1,1,1,True,True,Real
É #FAKE que pesquisador foi preso nos EUA por fabricar e vender o novo coronavírus para a China,mundo,2020-04-07,87.0,0,0,0,True,True,Fake
ouvir o participação o qg podcast sobrar fake news e o eleição,política,,30.0,0,0,0,True,True,Fake
TSE autoriza candidatos a comprarem publicidade em termos de busca na web  ,política,2020-10-08,101.0,1,1,1,True,True,Real
"

Homem foi enterrado vivo, ficou 26 dias no túmulo e sobreviveu #boato 
",mundo,2019-06-26,41.0,0,0,0,True,True,Fake
Voto feminino parece decidido a impedir reeleição de Trump  ,saúde,2020-07-27,100.0,1,1,1,True,True,Real
Imagem de prédio da FIESP com bandeira da China é usada fora de contexto para relacionar a instituição ao governo chinês,saúde,2020-04-07,19.0,0,0,0,True,True,Fake
"

Foto mostra caixões de vítimas do coronavírus enfileirados em Bergamo (Itália) #boato 
",mundo,2020-03-22,68.0,0,1,1,False,False,Fake
"Tentando ajudar Moro, Dallagnol e amigos reforçam a suspeição do então juiz  ",política,2021-04-06,165.0,1,1,1,True,True,Real
"Com DNA tucano, Covas se apresenta em voo solo  ",política,2020-11-15,77.0,1,1,1,True,True,Real
Governo do Rio planeja volta do futebol com 50% da capacidade em estádios  ,saúde,2020-05-22,166.0,1,1,1,True,True,Real
"
  Falsos remédios, medidas de prevenção e curas circulam em redes sociais em meio à pandemia do novo coronavírus",brasil,2020-03-18,30.0,0,0,1,True,False,Fake
É #FAKE que Bolsonaro criou lei que transformou Dia das Bruxas em Dia do Evangelho,política,2019-10-21,53.0,0,0,0,True,True,Fake
Auxílio emergencial e Renda Brasil: Bolsonaro deve murchar sem programas sociais | Leonardo Sakamoto  ,política,2020-09-16,51.0,1,1,1,True,True,Real
"Em cidade sem prefeito, interino diz ""se socorrer"" com barrado pelo TRE  ",política,2021-01-06,133.0,1,1,1,True,True,Real
Air France voltará a operar voo direto Pequim-Paris  ,saúde,2020-08-07,95.0,1,1,1,True,True,Real
"Hidroxicloroquina não ajuda pacientes com coronavírus, diz estudo francês   ",saúde,2020-04-16,88.0,1,1,1,True,True,Real
Infectologista detalha projeto de vacinação em massa contra a covid-19 em Botucatu (SP)  ,saúde,2021-04-29,92.0,1,1,1,True,True,Real
"

Polícia do Ceará atira em surfistas na praia do Futuro a mando de Camilo Santana #boato 
",brasil,2020-05-29,62.0,0,0,1,True,False,Fake
Jorge Aragão é internado em UTI com Covid-19,saúde,2020-10-18,131.0,1,1,1,True,True,Real
Bruno Covas engrossa coro contra o racismo e destaca desigualdade no Brasil  ,saúde,2020-06-03,44.0,1,1,1,True,True,Real
"

Dono da Havan doa moto para entregador que foi zombado por miss em redes sociais #boato 
",brasil,2019-10-29,55.0,0,0,0,True,True,Fake
Itália dará 500 euros para cidadãos fazerem turismo interno  ,saúde,2020-05-13,121.0,1,1,1,True,True,Real
Projeto de lei não prevê prisão para quem se recusar a tomar vacina contra a covid-19,saúde,2020-09-04,26.0,0,1,1,False,False,Fake
"

Correios contratam em 2019 e têm vagas de emprego em site no WhatsApp #boato 
",entretenimento,2019-11-09,70.0,0,0,0,True,True,Fake
Deputados articulam criação de CPI para investigar 'Tratoraço'  ,política,2021-05-10,81.0,1,1,1,True,True,Real
SP: Empresário usa 'meme do caixão' em outdoor para pedir isolamento social  ,saúde,2020-04-16,130.0,1,0,0,False,False,Real
Itália define data para equipes profissionais retornarem aos treinos  ,saúde,2020-04-26,69.0,1,1,1,True,True,Real
Comissão de Ética da Presidência intima Weintraub a explicar fala sobre ministros do STF,política,2020-06-01,90.0,1,1,1,True,True,Real
"É #FAKE que vídeo mostre polícia atirando em surfista na Praia do Futuro, em Fortaleza, após ele descumprir isolamento social",brasil,2020-05-25,88.0,0,0,0,True,True,Fake
"

Papa Francisco diz, em mensagem de Natal, que você é “o pinheiro, a decoração, o sino” etc #boato 
",entretenimento,2019-12-24,105.0,0,0,0,True,True,Fake
'Desconheço um gabinete paralelo'; veja frases de Nise Yamaguchi na CPI  ,política,2021-06-01,65.0,1,1,1,True,True,Real
Investigação revela terras protegidas da Amazônia à venda no Facebook  ,política,2021-02-26,51.0,1,1,0,True,False,Real
É #FAKE que foto mostre soldados em obra no Rio São Francisco durante o governo Bolsonaro,política,2020-07-01,88.0,0,0,0,True,True,Fake
 Bolsonaro não retirou emissão da carteira de estudante da UNE e da Ubes  ,política,2019-05-10,95.0,0,0,0,True,True,Fake
Médicos dão vacina contra coronavírus a motoristas presos em nevasca  ,saúde,2021-02-01,45.0,1,0,1,False,True,Real
"Sertanejo Mariano, da dupla com Munhoz, está com coronavírus  ",saúde,2020-03-30,87.0,1,1,1,True,True,Real
"
  O desmaio de Eriksen na Eurocopa não teve relação com a vacina contra a covid-19",mundo,2021-06-16,77.0,0,0,0,True,True,Fake
"

Lula mandou Adélio Bispo matar Bolsonaro com faca com veneno #boato 
",política,2020-05-01,33.0,0,0,0,True,True,Fake
Criadores de vírus que atacou oleoduto nos EUA anunciam fim das operações e prometem recuperação de arquivos,política,2021-05-17,127.0,1,1,1,True,True,Real
"Entre votar em Lula ou Bolsonaro, presidente do PSDB diz que prefere levar um tiro  ",política,2021-03-18,40.0,1,1,1,True,True,Real
"

Facebook faz homenagem ao presidente Jair Bolsonaro em vídeo #boato 
",política,2019-12-12,24.0,0,0,0,True,True,Fake
 Corrente liga erroneamente derramamento de óleo a vídeo filmado na Europa  ,mundo,2019-10-11,67.0,0,0,0,True,True,Fake
"Estados norte-americanos mais afetados podem estar no pico da covid-19, diz Fauci  ",saúde,2020-07-28,93.0,1,1,1,True,True,Real
É #FAKE que vídeo em que avião desvia de caminhão-tanque seja de tentativa de atentado na Argélia,entretenimento,2019-07-10,62.0,0,0,0,True,True,Fake
"'Se Bolsonaro pede para CPI acabar, é porque está chegando perto', diz Orlando Silva  ",política,2021-05-28,96.0,1,1,1,True,True,Real
"Com fase vermelha, comerciantes em praias de Santos falam em prejuízo  ",saúde,2021-01-23,105.0,1,1,1,True,True,Real
Governo da Nigéria anuncia suspensão do Twitter 'por tempo indeterminado',política,2021-06-04,70.0,1,1,1,True,True,Real
Ex-Anvisa alerta para ações do governo pré-decreto de privatização do SUS  ,política,2020-10-28,93.0,1,1,1,True,True,Real
É #FAKE mensagem que diz que vacinas mantidas a -80°C são agentes para infectar células e transferir material genético,ciência,2021-02-24,68.0,0,0,0,True,True,Fake
ANS restabelece prazos de atendimento flexibilizados na pandemia  ,saúde,2020-06-10,117.0,1,1,1,True,True,Real
"

Bruno Covas comprou 38 mil caixões por causa da Covid-19 e tem 20 mil empilhados #boato 
",política,2020-10-19,21.0,0,0,0,True,True,Fake
Coronavírus: como o corpo humano combate a covid-19  ,saúde,2020-04-08,81.0,1,1,0,True,False,Real
Governo quer pedir urgência a projeto de reforma tributária,política,2020-07-19,111.0,1,1,1,True,True,Real
É #FAKE que vídeo mostre FBI apreendendo caixas de máscaras importadas da China infectadas pelo novo coronavírus,mundo,2020-04-23,65.0,0,0,0,True,True,Fake
É #FAKE foto que mostra Maia abraçado ao presidente chinês Xi Jinping,mundo,2020-04-08,66.0,0,0,0,True,True,Fake
o calendário vacinação compartilhar nome ministério saudar verdadeiro falsar,saúde,2021-03-23,38.0,0,0,0,True,True,Fake
"Após campanha, Botucatu lidera ranking de maior cobertura de vacina em SP  ",saúde,2021-05-18,73.0,1,1,1,True,True,Real
Weintraub diz que alunos inscritos decidirão data do Enem: 'Democracia'  ,saúde,2020-05-19,87.0,1,1,1,True,True,Real
A luta para remover do TikTok vídeo de suicídio que viralizou,política,2020-09-08,44.0,1,0,0,False,False,Real
É #FAKE que Hospital Central da Polícia Militar no Rio não tem pacientes internados com Covid-19,saúde,2020-05-19,62.0,0,0,0,True,True,Fake
Vídeo deturpa dados sobre a atuação do governo na preservação da Amazônia  ,brasil,2020-09-28,87.0,0,0,0,True,True,Fake
"

Filho de Lula comprou 20% da Sinovac em pacto de Dória com o PT #boato 
",política,2021-01-19,143.0,0,0,0,True,True,Fake
É falso que seções eleitorais mudaram por falta de manutenção em urnas  ,política,2020-10-28,80.0,1,0,1,False,True,Real
Polícia investiga se tenista n° 2 do Brasil saiu da quarentena com covid-19  ,saúde,2020-03-26,128.0,1,1,1,True,True,Real
"Povos indígenas estão particularmente em risco devido à covid-19, alerta OMS  ",saúde,2020-07-20,63.0,1,1,1,True,True,Real
Fiocruz registra o exato momento da infecção do novo coronavírus em célula  ,saúde,2020-04-08,106.0,1,0,1,False,True,Real
Rogério Carvalho: CPI da Covid mostra que houve crime contra saúde pública  ,política,2021-05-17,114.0,1,1,1,True,True,Real
"

Doria pagou outdoor em Campo Grande (MS) com dinheiro público #boato 
",política,2021-01-28,35.0,0,0,0,True,True,Fake
"Slime caseiro pode causar alergias de pele e até queimaduras de segundo grau, diz especialista",ciência,,399.0,1,1,1,True,True,Real
"Covid em Manaus: sem oxigênio, pacientes dependem de ventilação manual para sobreviver em Manaus",saúde,2021-01-15,79.0,1,1,1,True,True,Real
"

Harley-Davidson vai lançar moto em homenagem a Bolsonaro, a MITO-2022JB #boato 
",política,2021-06-08,108.0,0,0,0,True,True,Fake
"Com 280 mortes, Bolívia vai flexibilizar quarentena a partir de 1º de junho  ",saúde,2020-05-28,78.0,1,1,1,True,True,Real
Santa Catarina tem mais 21 leitos de Suporte Ventilatório Pulmonar autorizados,saúde,2021-05-11,142.0,1,1,1,True,True,Real
Imagem que circula nas redes sociais não comprova venda de cloroquina em trem no Rio de Janeiro,saúde,2020-08-07,12.0,0,0,0,True,True,Fake
,política,2018-12-13,94.0,0,0,0,True,True,Fake
Governo pede a líderes da Câmara prioridade à renegociação de dívida dos Estados  ,política,2020-11-17,83.0,1,1,1,True,True,Real
Uso da cloroquina não explica a situação da pandemia no Senegal,saúde,2020-06-19,33.0,0,0,0,True,True,Fake
"

Voo 914 da Pan America durou 37 anos até avião pousar #boato 
",mundo,2021-01-04,29.0,0,0,0,True,True,Fake
"Desigualdade social ajudou a elevar nº de mortes em Manaus, diz Fiocruz  ",saúde,2020-06-08,68.0,1,1,1,True,True,Real
Ministério aguarda pedido de juiz para tentar extradição de suspeito de atacar Porta dos Fundos,política,2020-01-02,139.0,1,1,1,True,True,Real
"

Netflix perde milhões de seguidores por causa de especial de Natal do Porta dos Fundos #boato 
",entretenimento,2019-12-16,101.0,0,1,1,False,False,Fake
Japão: indústria de entretenimento adulto terá ajuda econômica por covid-19  ,saúde,2020-04-08,62.0,1,1,1,True,True,Real
Vacina para Covid-19 será testada no Brasil em junho  ,saúde,2020-06-03,15.0,1,0,0,False,False,Real
o barragem brumadinho explodir terrorista sul-americanos,entretenimento,2019-01-26,42.0,0,0,0,True,True,Fake
É #FAKE que Doria propôs que idosos sejam os primeiros a ser testados com a vacina contra o coronavírus,política,2020-06-22,87.0,0,0,0,True,True,Fake
Coronavírus: presidente da Caixa Econômica Federal anuncia novas reduções nas taxas de juros,política,2020-03-26,65.0,1,1,1,True,True,Real
'Liga Anti-Coronavírus' entra em ação para explicar os cuidados de combate ao vírus às crianças,ciência,,51.0,1,0,0,False,False,Real
"

Placa do seu carro é utilizada como isca para bandidos realizarem assaltos #boato 
",brasil,2020-01-07,119.0,0,0,0,True,True,Fake
"É difícil ver pessoas morrerem impotentes e sem a família, diz enfermeiro  ",saúde,2020-04-22,91.0,1,1,1,True,True,Real
Collor critica falas de Bolsonaro sobre Forças Armadas: 'Perturbadoras'  ,saúde,2020-05-04,95.0,1,0,1,False,True,Real
Esclarecimento sobre divulgação de óbitos de Covid-19,saúde,2020-06-09,137.0,1,1,1,True,True,Real
o moço redar globo aparecer o jornal tornozeleira eletrônica,entretenimento,2020-03-12,28.0,0,0,0,True,True,Fake
"

Bill Gates é preso pelo exército americano por tráfico de crianças e outros crimes #boato 
",mundo,2021-08-02,303.0,0,0,0,True,True,Fake
"Em depoimento, Mandetta desviou de cascas de banana dos governistas  ",saúde,2021-05-04,71.0,1,1,1,True,True,Real
Arminio Fraga critica intervenção estatal na Petrobras e pede privatizações  ,política,2021-02-22,81.0,1,1,1,True,True,Real
É #FAKE que imagem aérea mostre Santiago em chamas durante protestos,mundo,2019-10-25,56.0,0,0,0,True,True,Fake
RJ: Eduardo Paes vota no 2º turno e comenta paralisação de transporte   ,política,2020-11-29,47.0,1,0,1,False,True,Real
"Em meio à pandemia, Texas se prepara para enfrentar furacão Hanna  ",saúde,2020-07-25,85.0,1,1,1,True,True,Real
Bolsonaro demite ministro da Defesa e inicia reforma ministerial,brasil,,208.0,1,1,1,True,True,Real
Partidos vão ao STF contra mudança na divulgação de mortes por covid no DF  ,saúde,2020-08-23,83.0,1,1,1,True,True,Real
Filha de Queiroz ganha cargo no governo do RJ e é exonerada 2 dias depois  ,política,2021-04-20,45.0,1,1,1,True,True,Real
"Variante indiana do coronavírus é detectada em 44 países, diz OMS",saúde,2021-05-11,110.0,1,1,1,True,True,Real
"
  O vídeo em que um político é jogado dentro de esgoto é uma encenação ",brasil,2020-10-21,76.0,0,0,0,True,True,Fake
"

Caio Coppolla foi afastado da CNN Brasil por criticar STF e decisão de Moraes #boato 
",política,2020-05-05,27.0,0,0,0,True,True,Fake
É #FAKE que café tem substâncias que combatem o coronavírus,ciência,2020-03-30,107.0,0,0,0,True,True,Fake
É #FAKE mensagem que diz que laudo do caso Ágatha concluiu que projétil não condiz com o usado pela PM,entretenimento,2019-10-14,98.0,0,0,0,True,True,Fake
"Depois de elogiar empresa chinesa, Mourão é atacado por bolsonaristas  ",política,2020-08-04,129.0,1,1,1,True,True,Real
"

Maikelly Muhl morre após sofrer acidente de carro e contrair coronavírus #boato 
",entretenimento,2020-07-28,153.0,0,0,1,True,False,Fake
"

Exército interceptou diálogo entre Moro e Valeixo, que foram grampeados #boato 
",política,,93.0,0,0,0,True,True,Fake
Relatores da ONU questionam nomeação de Sérgio Camargo para Palmares  ,política,2021-04-08,109.0,1,1,1,True,True,Real
"Sem strip ou balada, Las Vegas ainda não voltou a ser a ""Cidade do Pecado""  ",saúde,2020-06-19,107.0,1,1,1,True,True,Real
enxergar corar diferente o foto tênis significar predominante cérebro,saúde,,24.0,0,0,0,True,True,Fake
Militares ganham funções estratégicas no Ministério da Saúde  ,saúde,2020-05-07,219.0,1,1,1,True,True,Real
"

Maria do Rosário chama Moro de Hitler do Judiciário e diz que corrupção é cultural #boato 
",política,2019-05-22,29.0,0,0,0,True,True,Fake
Reino Unido e Rússia farão primeiras vacinações contra a covid na próxima semana  ,política,2020-12-02,70.0,1,1,1,True,True,Real
Espanhol se veste de Papai Noel e tenta burlar quarentena de coronavírus  ,saúde,2020-04-01,65.0,1,1,1,True,True,Real
Falta de informação sobre pandemia aproxima Brasil a regimes autoritários   ,saúde,2020-06-07,101.0,1,1,1,True,True,Real
"

Auxílio-alimentação de três meses é dado pelo governo e atacadistas do Brasil em site no WhatsApp #boato 
",entretenimento,2020-04-12,69.0,0,0,0,True,True,Fake
joão doria votar umar máscara o bandeiro chino,política,2020-11-15,6.0,0,0,0,True,True,Fake
"Biodança, um movimento pela vida",ciência,2020-02-23,194.0,1,1,1,True,True,Real
"

Zélia Cardoso de Mello e Aloysio Nunes foram embaixadores nos EUA #boato 
",política,2019-07-22,60.0,0,0,0,True,True,Fake
"""Saí de casa fugida"", diz Carolina Iara, covereadora vítima de atentado  ",política,2021-01-27,64.0,1,1,1,True,True,Real
Fragmento de arroz não é 'resto' e venda é anterior ao governo Bolsonaro  ,política,2021-07-23,62.0,0,0,0,True,True,Fake
"Lançada por Trump e propagandeada por Bolsonaro, hidroxicloroquina está vetada em hospitais nos EUA  ",saúde,2020-07-10,143.0,1,1,1,True,True,Real
Vazamento de gás em indústria química na Índia deixa cinco mortos e centenas intoxicados  ,saúde,2020-05-07,83.0,1,1,1,True,True,Real
 Messi não usou camiseta com foto de Bolsonaro  ,entretenimento,2019-07-01,87.0,0,0,0,True,True,Fake
HBO prepara série sobre corrida para desenvolver vacina contra a covid-19  ,saúde,2020-07-27,62.0,1,1,1,True,True,Real
"

Corinthians publicou nota de repúdio sobre a Copa América 2021 no Brasil #boato 
",entretenimento,2021-06-02,36.0,0,0,0,True,True,Fake
Fiocruz libera para distribuição 2 milhões de doses da vacina de Oxford  ,saúde,2021-01-23,80.0,1,1,1,True,True,Real
"
  Petrobras nega demissão de ligados a Dirceu após pedido de substituição de Castello Branco",brasil,2021-02-23,74.0,0,0,0,True,True,Fake
"Datena não vai a programa de rádio, mas desiste de candidatura neste ano  ",política,2020-08-11,113.0,1,1,1,True,True,Real
É falsa mensagem que afirma que eleições foram vendidas para a esquerda  ,política,2020-11-20,91.0,0,0,0,True,True,Fake
Mortes por coronavírus na Itália aumentam 57% nas últimas 24h; parte do país está em quarentena ,ciência,2020-03-08,183.0,1,1,1,True,True,Real
"

Carrefour dá cartão para negativados com aprovação imediata em site no WhatsApp #boato 
",entretenimento,2020-02-11,90.0,0,0,0,True,True,Fake
CPI: Pazuello diverge de outros depoentes sobre vacinas da Pfizer  ,política,2021-05-19,93.0,1,1,1,True,True,Real
tecnologia israelense parir exame chegar o o brasil graça o o presidente jair bolsonaro,política,2019-12-17,65.0,0,0,1,True,False,Fake
"

Paulo Maiurino, diretor da PF, denuncia que STF e Lula mandaram matar Bolsonaro #boato 
",política,2021-04-19,59.0,0,0,0,True,True,Fake
Exame de presidente do Palmeiras para detectar coronavírus dá negativo  ,saúde,2020-07-08,201.0,1,1,1,True,True,Real
"No Galeão, Anvisa orienta companhias aéreas sobre coronavírus  ",saúde,2020-01-28,96.0,1,1,1,True,True,Real
"Brasil inclui testes rápidos, ineficazes, em estatísticas de covid-19  ",saúde,2020-06-06,118.0,1,1,1,True,True,Real
"

Grupo no WhatsApp Resistência Para (do PSOL UEPA) planeja infectar pessoas com coronavírus #boato 
",política,2020-03-31,89.0,0,0,0,True,True,Fake
"Brasil tem 6.750 mortes e 96.559 casos confirmados por coronavírus, diz ministério",ciência,2020-05-02,15.0,1,1,1,True,True,Real
"Grupos diferentes podem ter atacado sistema do TSE, diz Barroso  ",política,2020-11-30,86.0,1,1,1,True,True,Real
"

Manifestantes pró-Bolsonaro criaram faixa com dizeres “somos todos hemorróidas” #boato 
",política,,19.0,0,1,0,False,True,Fake
"Com mais de um ano de pandemia, Laos registra primeira morte por covid-19  ",saúde,2021-05-09,62.0,1,1,1,True,True,Real
"

Trump cancela projeto de Bill Gates conhecido como ID2020 #boato 
",mundo,2020-11-04,367.0,0,0,0,True,True,Fake
"

Alexandre Nardoni, Roger Abdelmassih e braço-direito do PCC são soltos por causa de decisão do STF que beneficia Lula #boato 
",brasil,2019-11-10,119.0,0,0,0,True,True,Fake
"Em meio à pandemia, dona de casa surpreende coletores de lixo com jantar  ",saúde,2020-05-02,97.0,1,1,1,True,True,Real
Brasileira em navio atracado em Roma descobre na Páscoa que está com covid  ,saúde,2020-04-12,132.0,1,1,1,True,True,Real
"
  Esta mansão fica em Los Angeles e não é do governador de São Paulo João Doria",brasil,2020-05-21,64.0,0,0,0,True,True,Fake
Brasil precisa fazer dever de casa para neutralizar impacto econômico do coronavírus,política,2020-01-28,76.0,1,1,1,True,True,Real
"Governo propõe salário mínimo de R$ 1.147 em 2022, sem aumento real  ",política,2021-04-15,64.0,1,1,1,True,True,Real
Governo impede entrada de estrangeiros no país por terra e água  ,saúde,2021-01-26,101.0,1,1,1,True,True,Real
